"","Player","No.","Pos","Ht","Wt","Birth.Date","X.","Exp","College","Team","Salary","Age","G","GS","MP","FG","FGA","FG.","X3P","X3PA","X3P.","X2P","X2PA","X2P.","eFG.","FT","FTA","FT.","ORB","DRB","TRB","AST","STL","BLK","TOV","PF","PTS"
"1","Channing Frye",9,"C","6-11",255,"May 17, 1983","us","9","University of Arizona","CLE","$7,807,579",32,26,3,446,71,161,0.441,43,114,0.377,28,47,0.596,0.575,11,14,0.786,12,81,93,26,8,8,13,56,196
"2","Dahntay Jones",30,"SF","6-6",225,"December 27, 1980","us","11","Duke University","CLE","$8,819",35,1,0,42,6,14,0.429,1,2,0.5,5,12,0.417,0.464,0,0,NA,1,4,5,2,1,2,0,6,13
"3","Iman Shumpert",4,"SG","6-5",220,"June 26, 1990","us","4","Georgia Institute of Technology","CLE","$9,000,000",25,54,5,1316,114,305,0.374,43,146,0.295,71,159,0.447,0.444,40,51,0.784,32,171,203,92,54,19,57,119,311
"4","James Jones",1,"SF","6-8",218,"October 4, 1980","us","12","University of Miami","CLE","$1,499,000",35,48,0,463,58,142,0.408,41,104,0.394,17,38,0.447,0.553,21,26,0.808,8,42,50,14,11,10,13,50,178
"5","Jordan McRae",12,"PG","6-6",185,"March 28, 1991","us","R","University of Tennessee","CLE","$172,972",24,15,1,113,23,52,0.442,7,11,0.636,16,41,0.39,0.51,9,13,0.692,2,10,12,15,0,1,9,10,62
"6","J.R. Smith",5,"SG","6-6",225,"September 9, 1985","us","11","","CLE","$5,000,000",30,77,77,2362,353,850,0.415,204,510,0.4,149,340,0.438,0.535,45,71,0.634,43,174,217,130,81,21,59,204,955
"7","Kevin Love",0,"PF","6-10",251,"September 7, 1988","us","7","University of California, Los Angeles","CLE","$19,500,000",27,77,77,2424,409,977,0.419,158,439,0.36,251,538,0.467,0.499,258,314,0.822,149,613,762,186,58,41,142,159,1234
"8","Kyrie Irving",2,"PG","6-3",193,"March 23, 1992","au","4","Duke University","CLE","$14,746,000",23,53,53,1667,394,879,0.448,84,262,0.321,310,617,0.502,0.496,169,191,0.885,44,113,157,249,56,18,124,107,1041
"9","LeBron James",23,"SF","6-8",250,"December 30, 1984","us","12","","CLE","$22,971,000",31,76,76,2709,737,1416,0.52,87,282,0.309,650,1134,0.573,0.551,359,491,0.731,111,454,565,514,104,49,249,143,1920
"10","Matthew Dellavedova",8,"PG","6-4",198,"September 8, 1990","au","2","Saint Mary's College of California","CLE","$1,147,280",25,76,14,1867,207,511,0.405,98,239,0.41,109,272,0.401,0.501,57,66,0.864,33,129,162,337,44,9,116,178,569
"11","Mo Williams",52,"PG","6-1",198,"December 19, 1982","us","12","University of Alabama","CLE","$2,100,000",33,41,14,748,132,302,0.437,36,102,0.353,96,200,0.48,0.497,38,42,0.905,6,66,72,98,14,5,57,60,338
"12","Richard Jefferson",24,"SF","6-7",233,"June 21, 1980","us","14","University of Arizona","CLE","$1,499,000",35,74,5,1326,143,312,0.458,66,173,0.382,77,139,0.554,0.564,58,87,0.667,15,113,128,59,33,14,43,129,410
"13","Sasha Kaun",14,"C","6-11",260,"May 8, 1985","ru","R","University of Kansas","CLE","$1,300,000",30,25,0,95,9,17,0.529,0,0,NA,9,17,0.529,0.529,5,11,0.455,12,14,26,3,4,5,7,11,23
"14","Timofey Mozgov",20,"C","7-1",275,"July 16, 1986","ru","5","","CLE","$4,950,000",29,76,48,1326,203,359,0.565,1,7,0.143,202,352,0.574,0.567,68,95,0.716,110,227,337,33,22,57,71,159,475
"15","Tristan Thompson",13,"PF","6-9",238,"March 13, 1991","ca","4","University of Texas at Austin","CLE","$14,260,870",24,82,34,2269,247,420,0.588,0,0,NA,247,420,0.588,0.588,149,242,0.616,268,470,738,62,38,51,61,202,643
"16","Anthony Bennett",15,"PF","6-8",245,"March 14, 1993","ca","2","University of Nevada, Las Vegas","TOR","$947,276",22,19,0,84,8,27,0.296,3,14,0.214,5,13,0.385,0.352,9,10,0.9,6,17,23,0,5,0,4,8,28
"17","Bismack Biyombo",8,"C","6-9",255,"August 28, 1992","cd","4","","TOR","$3,000,000",23,82,22,1808,156,288,0.542,0,1,0,156,287,0.544,0.542,142,226,0.628,182,473,655,29,19,133,71,225,454
"18","Bruno Caboclo",20,"SF","6-9",218,"September 21, 1995","br","1","","TOR","$1,524,000",20,6,1,43,1,12,0.083,1,7,0.143,0,5,0,0.125,0,0,NA,1,1,2,1,2,1,4,2,3
"19","Cory Joseph",6,"SG","6-3",193,"August 20, 1991","ca","4","University of Texas at Austin","TOR","$7,000,000",24,80,4,2046,257,585,0.439,30,110,0.273,227,475,0.478,0.465,133,174,0.764,39,171,210,250,63,20,102,131,677
"20","Delon Wright",55,"PG","6-5",183,"April 26, 1992","us","R","University of Utah","TOR","$1,509,360",23,27,1,229,36,80,0.45,5,13,0.385,31,67,0.463,0.481,26,35,0.743,8,29,37,31,8,3,16,7,103
"21","DeMar DeRozan",10,"SG","6-7",221,"August 7, 1989","us","6","University of Southern California","TOR","$9,500,000",26,78,78,2804,614,1377,0.446,47,139,0.338,567,1238,0.458,0.463,555,653,0.85,64,285,349,315,81,21,175,167,1830
"22","DeMarre Carroll",5,"SF","6-8",215,"July 27, 1986","us","6","University of Missouri","TOR","$13,500,000",29,26,22,786,105,270,0.389,46,118,0.39,59,152,0.388,0.474,30,50,0.6,31,91,122,27,44,6,28,63,286
"23","James Johnson",3,"PF","6-9",250,"February 20, 1987","us","6","Wake Forest University","TOR","$2,500,000",28,57,32,926,114,240,0.475,20,66,0.303,94,174,0.54,0.517,39,68,0.574,28,98,126,67,29,33,54,84,287
"24","Jason Thompson",1,"C","6-11",250,"July 21, 1986","us","7","Rider University","TOR","$328,955",29,19,6,292,32,66,0.485,5,15,0.333,27,51,0.529,0.523,18,22,0.818,22,58,80,10,8,12,8,40,87
"25","Jonas Valanciunas",17,"C","7-0",265,"May 6, 1992","lt","3","","TOR","$4,660,482",23,60,59,1557,303,536,0.565,0,0,NA,303,536,0.565,0.565,162,213,0.761,184,363,547,42,25,80,85,158,768
"26","Kyle Lowry",7,"PG","6-1",196,"March 25, 1986","us","9","Villanova University","TOR","$12,000,000",29,77,77,2851,512,1198,0.427,212,547,0.388,300,651,0.461,0.516,398,491,0.811,55,310,365,494,158,34,225,211,1634
"27","Lucas Nogueira",92,"C","7-0",241,"July 26, 1992","br","1","","TOR","$1,842,000",23,29,1,225,28,44,0.636,1,3,0.333,27,41,0.659,0.648,8,15,0.533,18,28,46,7,12,12,11,29,65
"28","Luis Scola",4,"PF","6-9",240,"April 30, 1980","ar","8","","TOR","$3,000,000",35,76,76,1636,269,598,0.45,65,161,0.404,204,437,0.467,0.504,61,84,0.726,84,276,360,66,46,27,68,178,664
"29","Norman Powell",24,"SG","6-4",215,"May 25, 1993","us","R","University of California, Los Angeles","TOR","$650,000",22,49,24,725,97,229,0.424,36,89,0.404,61,140,0.436,0.502,43,53,0.811,16,95,111,47,29,10,32,59,273
"30","Patrick Patterson",54,"PF","6-9",230,"March 14, 1989","us","5","University of Kentucky","TOR","$6,268,675",26,79,0,2020,204,493,0.414,106,293,0.362,98,200,0.49,0.521,29,34,0.853,77,265,342,94,53,32,65,128,543
"31","Terrence Ross",31,"SF","6-7",206,"February 5, 1991","us","3","University of Washington","TOR","$3,553,917",24,73,7,1747,270,626,0.431,131,339,0.386,139,287,0.484,0.536,49,62,0.79,21,164,185,56,54,25,46,120,720
"32","Amar'e Stoudemire",5,"C","6-10",245,"November 16, 1982","us","13","","MIA","$1,499,187",33,52,36,762,125,221,0.566,0,0,NA,125,221,0.566,0.566,50,67,0.746,65,157,222,27,18,41,47,92,300
"33","Beno Udrih",19,"PG","6-3",205,"July 5, 1982","si","11","","MIA","$2,170,465",33,36,5,587,66,152,0.434,11,33,0.333,55,119,0.462,0.47,15,17,0.882,6,57,63,90,11,0,42,40,158
"34","Briante Weber",12,"PG","6-2",165,"December 29, 1992","us","R","Virginia Commonwealth University","MIA","$12,355",23,1,0,3,1,1,1,0,0,NA,1,1,1,1,0,0,NA,0,1,1,1,0,0,0,1,2
"35","Chris Bosh",1,"PF","6-11",235,"March 24, 1984","us","12","Georgia Institute of Technology","MIA","$22,192,730",31,53,53,1778,358,767,0.467,81,222,0.365,277,545,0.508,0.52,213,268,0.795,48,342,390,128,36,34,78,101,1010
"36","Dwyane Wade",3,"SG","6-4",220,"January 17, 1982","us","12","Marquette University","MIA","$20,000,000",34,74,73,2258,540,1183,0.456,7,44,0.159,533,1139,0.468,0.459,322,406,0.793,82,220,302,344,79,42,203,116,1409
"37","Gerald Green",14,"SG","6-7",205,"January 26, 1986","us","8","","MIA","$1,356,000",30,69,14,1557,230,587,0.392,84,260,0.323,146,327,0.446,0.463,72,92,0.783,25,138,163,56,38,19,46,123,616
"38","Goran Dragic",7,"PG","6-3",190,"May 6, 1986","si","7","","MIA","$14,780,000",29,72,72,2363,417,875,0.477,64,205,0.312,353,670,0.527,0.513,120,165,0.727,54,223,277,419,71,17,185,188,1018
"39","Hassan Whiteside",21,"C","7-0",265,"June 13, 1989","us","3","Marshall University","MIA","$981,348",26,73,43,2125,413,682,0.606,0,0,NA,413,682,0.606,0.606,214,329,0.65,238,627,865,30,44,269,137,201,1040
"40","Joe Johnson",2,"SF","6-7",240,"June 29, 1981","us","14","University of Arkansas","MIA","$414,481",34,24,24,769,130,251,0.518,35,84,0.417,95,167,0.569,0.588,26,34,0.765,15,53,68,86,21,2,43,46,321
"41","Josh McRoberts",4,"PF","6-10",240,"February 28, 1987","us","8","Duke University","MIA","$5,543,725",28,42,1,595,55,148,0.372,12,49,0.245,43,99,0.434,0.412,28,40,0.7,22,83,105,81,18,7,30,68,150
"42","Josh Richardson",0,"SG","6-6",200,"September 15, 1993","us","R","University of Tennessee","MIA","$525,093",22,52,2,1107,123,272,0.452,53,115,0.461,70,157,0.446,0.55,42,63,0.667,21,86,107,73,36,25,35,107,341
"43","Justise Winslow",20,"SF","6-7",225,"March 26, 1996","us","R","Duke University","MIA","$2,481,720",19,78,8,2232,195,462,0.422,32,116,0.276,163,346,0.471,0.457,80,117,0.684,81,322,403,117,68,26,95,184,502
"44","Luol Deng",9,"PF","6-9",220,"April 16, 1985","ss","11","Duke University","MIA","$10,151,612",30,74,73,2394,339,745,0.455,88,256,0.344,251,489,0.513,0.514,145,192,0.755,108,335,443,140,74,29,81,122,911
"45","Tyler Johnson",8,"SG","6-4",186,"May 7, 1992","us","1","California State University, Fresno","MIA","$845,059",23,36,5,863,118,243,0.486,27,71,0.38,91,172,0.529,0.541,51,64,0.797,28,81,109,79,24,14,47,66,314
"46","Udonis Haslem",40,"PF","6-8",235,"June 9, 1980","us","12","University of Florida","MIA","$2,854,940",35,37,0,260,23,61,0.377,1,9,0.111,22,52,0.423,0.385,12,16,0.75,10,65,75,14,5,2,5,25,59
"47","Al Horford",15,"C","6-10",245,"June 3, 1986","do","8","University of Florida","ATL","$12,000,000",29,82,82,2631,529,1048,0.505,88,256,0.344,441,792,0.557,0.547,103,129,0.798,148,448,596,263,68,121,107,163,1249
"48","Dennis Schroder",17,"PG","6-1",172,"September 15, 1993","de","2","","ATL","$1,763,400",22,80,6,1621,329,781,0.421,77,239,0.322,252,542,0.465,0.471,144,182,0.791,25,179,204,349,70,9,183,138,879
"49","Jeff Teague",0,"PG","6-2",186,"June 10, 1988","us","6","Wake Forest University","ATL","$8,000,000",27,79,78,2255,434,988,0.439,110,275,0.4,324,713,0.454,0.495,261,312,0.837,33,181,214,470,97,24,218,167,1239
"50","Kent Bazemore",24,"SF","6-5",201,"July 1, 1989","us","3","Old Dominion University","ATL","$2,000,000",26,75,68,2083,320,725,0.441,109,305,0.357,211,420,0.502,0.517,123,151,0.815,28,351,379,171,98,38,138,176,872
"51","Kirk Hinrich",12,"PG","6-4",190,"January 2, 1981","us","12","University of Kansas","ATL","$2,870,000",35,11,0,76,2,11,0.182,1,6,0.167,1,5,0.2,0.227,0,0,NA,1,11,12,14,2,1,3,1,5
"52","Kris Humphries",43,"PF","6-9",235,"February 6, 1985","us","11","University of Minnesota","ATL","$388,025",30,21,0,295,47,101,0.465,8,31,0.258,39,70,0.557,0.505,32,45,0.711,20,51,71,13,10,7,14,44,134
"53","Kyle Korver",26,"SG","6-7",212,"March 17, 1981","us","12","Creighton University","ATL","$5,746,479",34,80,80,2401,268,616,0.435,158,397,0.398,110,219,0.502,0.563,45,54,0.833,14,246,260,164,60,35,98,161,739
"54","Lamar Patterson",13,"SG","6-5",225,"August 12, 1991","us","R","University of Pittsburgh","ATL","$525,093",24,35,0,395,28,80,0.35,12,49,0.245,16,31,0.516,0.425,16,22,0.727,4,46,50,39,9,2,23,45,84
"55","Mike Muscala",31,"C","6-11",240,"July 1, 1991","us","2","Bucknell University","ATL","$947,276",24,60,0,565,76,152,0.5,12,39,0.308,64,113,0.566,0.539,31,39,0.795,38,79,117,34,13,27,27,72,195
"56","Mike Scott",32,"PF","6-8",237,"July 16, 1988","us","3","University of Virginia","ATL","$3,333,333",27,75,0,1146,176,376,0.468,62,158,0.392,114,218,0.523,0.551,50,63,0.794,53,153,206,78,25,17,42,102,464
"57","Paul Millsap",4,"PF","6-8",246,"February 10, 1985","us","9","Louisiana Tech University","ATL","$19,000,000",30,81,81,2647,501,1066,0.47,74,232,0.319,427,834,0.512,0.505,309,408,0.757,198,534,732,265,147,139,191,237,1385
"58","Thabo Sefolosha",25,"SF","6-7",220,"May 2, 1984","ch","9","","ATL","$4,000,000",31,75,11,1758,188,372,0.505,42,124,0.339,146,248,0.589,0.562,62,99,0.626,52,282,334,107,85,37,68,109,480
"59","Tiago Splitter",11,"C","6-11",245,"January 1, 1985","br","5","","ATL","$8,500,000",31,36,2,579,81,155,0.523,0,2,0,81,153,0.529,0.523,39,48,0.813,45,75,120,30,20,12,24,71,201
"60","Tim Hardaway",10,"SG","6-6",205,"March 16, 1992","us","2","University of Michigan","ATL","$1,304,520",23,51,1,864,114,265,0.43,48,142,0.338,66,123,0.537,0.521,50,56,0.893,7,79,86,51,21,7,23,48,326
"61","Walter Tavares",22,"C","7-3",260,"March 22, 1992","cv","R","","ATL","$1,000,000",23,11,0,73,11,19,0.579,0,0,NA,11,19,0.579,0.579,3,8,0.375,7,14,21,3,1,6,5,8,25
"62","Amir Johnson",90,"PF","6-9",240,"May 1, 1987","us","10","","BOS","$12,000,000",28,79,76,1800,249,426,0.585,10,43,0.233,239,383,0.624,0.596,69,121,0.57,178,327,505,138,52,83,94,214,577
"63","Avery Bradley",0,"SG","6-2",180,"November 26, 1990","us","5","University of Texas at Austin","BOS","$7,730,337",25,76,72,2536,456,1019,0.447,147,407,0.361,309,612,0.505,0.52,96,123,0.78,48,172,220,158,117,19,109,164,1155
"64","Coty Clarke",63,"SF","6-7",232,"July 4, 1992","us","R","University of Arkansas","BOS","$61,776",23,3,0,6,2,4,0.5,2,2,1,0,2,0,0.75,0,0,NA,0,1,1,0,0,0,1,0,6
"65","David Lee",42,"PF","6-9",245,"April 29, 1983","us","10","University of Florida","BOS","$15,493,680",32,30,4,470,87,192,0.453,0,1,0,87,191,0.455,0.453,40,51,0.784,41,89,130,54,12,13,38,51,214
"66","Evan Turner",11,"SG","6-7",220,"October 27, 1988","us","5","Ohio State University","BOS","$3,425,510",27,81,12,2271,343,753,0.456,20,83,0.241,323,670,0.482,0.469,148,179,0.827,50,347,397,359,80,28,169,139,854
"67","Isaiah Thomas",4,"PG","5-9",185,"February 7, 1989","us","4","University of Washington","BOS","$6,912,869",26,82,79,2644,591,1382,0.428,167,465,0.359,424,917,0.462,0.488,474,544,0.871,46,197,243,509,91,9,220,167,1823
"68","Jae Crowder",99,"SF","6-6",235,"July 6, 1990","us","3","Marquette University","BOS","$6,000,000",25,73,73,2308,360,813,0.443,122,363,0.336,238,450,0.529,0.518,196,239,0.82,70,303,373,135,126,35,83,198,1038
"69","James Young",13,"SG","6-6",215,"August 16, 1995","us","1","University of Kentucky","BOS","$1,749,840",20,29,0,199,11,36,0.306,6,26,0.231,5,10,0.5,0.389,1,4,0.25,4,22,26,9,6,1,5,17,29
"70","Jared Sullinger",7,"PF","6-9",260,"March 4, 1992","us","3","Ohio State University","BOS","$2,269,260",23,81,73,1915,351,806,0.435,29,103,0.282,322,703,0.458,0.453,103,161,0.64,194,479,673,187,75,47,102,209,834
"71","Jonas Jerebko",8,"PF","6-10",231,"March 2, 1987","se","5","","BOS","$5,000,000",28,78,0,1176,118,286,0.413,43,108,0.398,75,178,0.421,0.488,61,78,0.782,77,211,288,62,20,24,52,137,340
"72","Jordan Mickey",55,"PF","6-8",235,"July 9, 1994","us","R","Louisiana State University","BOS","$1,200,000",21,16,0,57,8,22,0.364,0,0,NA,8,22,0.364,0.364,5,10,0.5,6,7,13,1,0,11,1,5,21
"73","Kelly Olynyk",41,"C","7-0",238,"April 19, 1991","ca","2","Gonzaga University","BOS","$2,165,160",24,69,8,1395,253,556,0.455,85,210,0.405,168,346,0.486,0.531,96,128,0.75,72,209,281,105,52,33,74,163,687
"74","Marcus Smart",36,"PG","6-4",220,"March 6, 1994","us","1","Oklahoma State University","BOS","$3,431,040",21,61,10,1667,184,529,0.348,61,241,0.253,123,288,0.427,0.405,129,166,0.777,76,179,255,185,91,18,80,183,558
"75","R.J. Hunter",28,"SG","6-5",185,"October 24, 1993","us","R","Georgia State University","BOS","$1,148,640",22,36,0,315,36,98,0.367,19,63,0.302,17,35,0.486,0.464,6,7,0.857,2,35,37,13,14,4,11,29,97
"76","Terry Rozier",12,"PG","6-2",190,"March 17, 1994","us","R","University of Louisville","BOS","$1,824,360",21,39,0,311,29,106,0.274,6,27,0.222,23,79,0.291,0.302,8,10,0.8,24,39,63,37,6,1,19,23,72
"77","Tyler Zeller",44,"C","7-0",253,"January 17, 1990","us","3","University of North Carolina","BOS","$2,616,975",26,60,3,710,138,290,0.476,0,0,NA,138,290,0.476,0.476,88,108,0.815,62,116,178,29,10,22,46,97,364
"78","Aaron Harrison",9,"SG","6-6",210,"October 28, 1994","us","R","University of Kentucky","CHO","$525,093",21,21,0,93,5,19,0.263,3,10,0.3,2,9,0.222,0.342,5,12,0.417,4,11,15,2,6,0,4,10,18
"79","Al Jefferson",25,"C","6-10",289,"January 4, 1985","us","11","","CHO","$13,833,333",31,47,18,1096,245,505,0.485,0,0,NA,245,505,0.485,0.485,72,111,0.649,57,244,301,70,30,41,34,117,562
"80","Cody Zeller",40,"C","7-0",240,"October 5, 1992","us","2","Indiana University","CHO","$4,204,200",23,73,60,1774,231,437,0.529,1,10,0.1,230,427,0.539,0.53,175,232,0.754,138,317,455,71,57,63,68,204,638
"81","Courtney Lee",1,"SG","6-5",200,"October 3, 1985","us","7","Western Kentucky University","CHO","$5,675,000",30,28,28,845,98,220,0.445,31,79,0.392,67,141,0.475,0.516,23,26,0.885,10,77,87,60,33,12,23,55,250
"82","Frank Kaminsky",44,"C","7-0",242,"April 4, 1993","us","R","University of Wisconsin","CHO","$2,612,500",22,81,3,1708,215,525,0.41,68,202,0.337,147,323,0.455,0.474,108,148,0.73,69,266,335,98,38,43,58,126,606
"83","Jeremy Lamb",3,"SG","6-5",185,"May 30, 1992","us","3","University of Connecticut","CHO","$3,034,356",23,66,0,1227,230,510,0.451,56,181,0.309,174,329,0.529,0.506,64,88,0.727,44,208,252,77,42,30,50,105,580
"84","Jeremy Lin",7,"SG","6-3",200,"August 23, 1988","us","5","Harvard University","CHO","$2,100,000",27,78,13,2048,300,728,0.412,76,226,0.336,224,502,0.446,0.464,238,292,0.815,42,211,253,235,58,42,150,165,914
"85","Jorge Gutierrez",12,"PG","6-3",191,"December 27, 1988","mx","2","University of California","CHO","$301,444",27,12,0,63,6,11,0.545,0,2,0,6,9,0.667,0.545,10,11,0.909,0,7,7,17,3,0,6,3,22
"86","Kemba Walker",15,"PG","6-1",172,"May 8, 1990","us","4","University of Connecticut","CHO","$12,000,000",25,81,81,2885,568,1331,0.427,182,490,0.371,386,841,0.459,0.495,371,438,0.847,56,301,357,421,126,39,171,111,1689
"87","Marvin Williams",2,"PF","6-9",237,"June 19, 1986","us","10","University of North Carolina","CHO","$7,000,000",29,81,81,2338,338,747,0.452,152,378,0.402,186,369,0.504,0.554,120,144,0.833,127,394,521,110,58,77,62,133,948
"88","Michael Kidd-Gilchrist",14,"SF","6-7",232,"September 26, 1993","us","3","University of Kentucky","CHO","$6,331,404",22,7,7,205,33,61,0.541,3,7,0.429,30,54,0.556,0.566,20,29,0.69,12,33,45,9,3,3,8,9,89
"89","Nicolas Batum",5,"SF","6-8",200,"December 14, 1988","fr","7","","CHO","$12,235,750",27,70,70,2448,372,873,0.426,139,399,0.348,233,474,0.492,0.506,163,192,0.849,55,373,428,403,65,43,205,114,1046
"90","Spencer Hawes",0,"PF","7-1",245,"April 28, 1988","us","8","University of Washington","CHO","$5,543,725",27,57,6,1035,124,306,0.405,38,102,0.373,86,204,0.422,0.467,54,65,0.831,51,193,244,109,22,27,58,111,340
"91","Troy Daniels",30,"SG","6-4",205,"July 15, 1991","us","2","Virginia Commonwealth University","CHO","$947,276",24,43,0,476,89,187,0.476,59,122,0.484,30,65,0.462,0.634,5,9,0.556,7,50,57,21,11,3,24,40,242
"92","Tyler Hansbrough",50,"PF","6-9",250,"November 3, 1985","us","6","University of North Carolina","CHO","$1,185,784",30,44,0,343,32,71,0.451,2,3,0.667,30,68,0.441,0.465,38,65,0.585,40,49,89,8,12,7,12,55,104
"93","Chase Budinger",10,"SF","6-7",209,"May 22, 1988","us","6","University of Arizona","IND","$5,000,000",27,49,2,729,81,194,0.418,20,69,0.29,61,125,0.488,0.469,34,48,0.708,31,90,121,49,29,9,31,46,216
"94","C.J. Miles",0,"SF","6-6",225,"April 18, 1987","us","10","","IND","$4,394,225",28,64,24,1464,259,634,0.409,142,387,0.367,117,247,0.474,0.521,93,124,0.75,25,150,175,63,53,29,70,142,753
"95","George Hill",3,"PG","6-3",188,"May 4, 1986","us","7","Indiana University-Purdue University Indianapolis","IND","$8,000,000",29,74,73,2524,326,739,0.441,128,314,0.408,198,425,0.466,0.528,114,150,0.76,58,240,298,259,83,17,101,149,894
"96","Glenn Robinson",40,"SF","6-6",222,"January 8, 1994","us","1","University of Michigan","IND","$845,000",22,45,4,508,65,151,0.43,14,37,0.378,51,114,0.447,0.477,27,39,0.692,12,56,68,26,17,9,18,21,171
"97","Ian Mahinmi",28,"C","6-11",250,"November 5, 1986","fr","7","","IND","$4,000,000",29,71,71,1816,264,448,0.589,0,0,NA,264,448,0.589,0.589,132,225,0.587,138,369,507,104,65,75,100,220,660
"98","Jordan Hill",27,"C","6-10",235,"July 27, 1987","us","6","University of Arizona","IND","$4,000,000",28,73,11,1513,278,549,0.506,0,1,0,278,548,0.507,0.506,89,125,0.712,156,295,451,87,36,37,92,155,645
"99","Joseph Young",1,"PG","6-2",180,"June 27, 1992","us","R","University of Oregon","IND","$1,000,000",23,41,0,384,62,169,0.367,10,46,0.217,52,123,0.423,0.396,20,25,0.8,6,44,50,65,15,0,33,30,154
"100","Lavoy Allen",5,"PF","6-9",260,"February 4, 1989","us","4","Temple University","IND","$3,700,000",26,79,28,1599,191,370,0.516,0,0,NA,191,370,0.516,0.516,46,73,0.63,162,262,424,76,26,42,69,147,428
"101","Monta Ellis",11,"SG","6-3",185,"October 26, 1985","us","10","","IND","$10,300,000",30,81,81,2734,436,1021,0.427,87,282,0.309,349,739,0.472,0.47,162,206,0.786,42,229,271,383,150,37,203,174,1121
"102","Myles Turner",33,"C","6-11",243,"March 24, 1996","us","R","University of Texas at Austin","IND","$2,357,760",19,60,30,1367,264,530,0.498,3,14,0.214,261,516,0.506,0.501,88,121,0.727,68,264,332,41,25,86,67,158,619
"103","Paul George",13,"SF","6-9",220,"May 2, 1990","us","5","California State University, Fresno","IND","$17,120,106",25,81,81,2819,605,1449,0.418,210,566,0.371,395,883,0.447,0.49,454,528,0.86,79,484,563,329,152,29,265,230,1874
"104","Rakeem Christmas",25,"PF","6-9",250,"December 1, 1991","us","R","Syracuse University","IND","$1,000,000",24,1,0,6,2,2,1,0,0,NA,2,2,1,1,0,0,NA,1,0,1,0,0,0,0,1,4
"105","Rodney Stuckey",2,"PG","6-5",210,"April 21, 1986","us","8","Eastern Washington University","IND","$6,500,000",29,58,1,1275,183,443,0.413,20,83,0.241,163,360,0.453,0.436,131,158,0.829,19,137,156,142,43,8,76,77,517
"106","Shayne Whittington",42,"PF","6-11",250,"March 27, 1991","us","1","Western Michigan University","IND","$845,059",24,7,0,41,5,11,0.455,0,2,0,5,9,0.556,0.455,1,2,0.5,5,7,12,3,1,1,5,7,11
"107","Solomon Hill",44,"SF","6-7",225,"March 18, 1991","us","2","University of Arizona","IND","$1,358,880",24,59,3,866,93,208,0.447,24,74,0.324,69,134,0.515,0.505,36,42,0.857,39,127,166,57,37,11,33,68,246
"108","Ty Lawson",10,"PG","5-11",195,"November 3, 1987","us","6","University of North Carolina","IND","$265,058",28,13,1,235,28,67,0.418,5,14,0.357,23,53,0.434,0.455,3,6,0.5,6,25,31,57,10,1,13,16,64
"109","Andre Drummond",0,"C","6-11",279,"August 10, 1993","us","3","University of Connecticut","DET","$3,272,091",22,81,81,2666,552,1060,0.521,2,6,0.333,550,1054,0.522,0.522,208,586,0.355,395,803,1198,67,119,112,155,245,1314
"110","Anthony Tolliver",43,"PF","6-8",240,"June 1, 1985","us","7","Creighton University","DET","$3,000,000",30,72,5,1341,128,332,0.386,98,272,0.36,30,60,0.5,0.533,29,47,0.617,39,190,229,52,26,16,28,86,383
"111","Aron Baynes",12,"C","6-10",260,"December 9, 1986","nz","3","Washington State University","DET","$6,500,000",29,81,1,1233,194,384,0.505,0,2,0,194,382,0.508,0.505,126,165,0.764,140,244,384,51,21,52,67,151,514
"112","Darrun Hilliard",6,"SG","6-6",205,"April 13, 1993","us","R","Villanova University","DET","$525,093",22,38,2,383,52,131,0.397,19,50,0.38,33,81,0.407,0.469,29,40,0.725,5,40,45,27,9,1,19,28,152
"113","Jodie Meeks",20,"SG","6-4",210,"August 21, 1987","us","6","University of Kentucky","DET","$6,270,000",28,3,0,43,7,20,0.35,4,9,0.444,3,11,0.273,0.45,4,4,1,1,4,5,3,0,0,1,2,22
"114","Joel Anthony",50,"C","6-9",245,"August 9, 1982","ca","8","University of Nevada, Las Vegas","DET","$2,500,000",33,19,0,96,6,10,0.6,0,0,NA,6,10,0.6,0.6,6,8,0.75,8,13,21,1,2,12,2,15,18
"115","Justin Harper",32,"PF","6-10",225,"August 30, 1989","us","1","University of Richmond","DET","$99,418",26,5,0,35,4,10,0.4,4,9,0.444,0,1,0,0.6,1,2,0.5,0,1,1,0,1,0,2,3,13
"116","Kentavious Caldwell-Pope",5,"SG","6-5",205,"February 18, 1993","us","2","University of Georgia","DET","$2,891,760",22,76,76,2789,403,960,0.42,114,369,0.309,289,591,0.489,0.479,185,228,0.811,70,212,282,138,110,17,105,167,1105
"117","Marcus Morris",13,"SF","6-9",235,"September 2, 1989","us","4","University of Kansas","DET","$5,000,000",26,80,80,2856,410,945,0.434,108,298,0.362,302,647,0.467,0.491,203,271,0.749,91,313,404,201,67,23,140,170,1131
"118","Reggie Bullock",25,"SF","6-7",205,"March 16, 1991","us","2","University of North Carolina","DET","$1,252,440",24,37,0,429,43,98,0.439,22,53,0.415,21,45,0.467,0.551,14,15,0.933,14,54,68,27,10,2,8,29,122
"119","Reggie Jackson",1,"PG","6-3",208,"April 16, 1990","it","4","Boston College","DET","$14,000,000",25,79,79,2424,540,1244,0.434,118,334,0.353,422,910,0.464,0.482,291,337,0.864,58,195,253,492,59,11,223,187,1489
"120","Spencer Dinwiddie",8,"PG","6-6",200,"April 6, 1993","us","1","University of Colorado","DET","$845,059",22,12,0,159,19,54,0.352,1,10,0.1,18,44,0.409,0.361,19,33,0.576,4,13,17,22,3,0,7,20,58
"121","Stanley Johnson",3,"SF","6-7",245,"May 29, 1996","us","R","University of Arizona","DET","$2,841,960",19,73,6,1687,225,600,0.375,63,205,0.307,162,395,0.41,0.428,80,102,0.784,58,248,306,118,55,12,114,178,593
"122","Steve Blake",22,"PG","6-3",172,"February 26, 1980","us","12","University of Maryland","DET","$2,170,465",35,58,2,986,93,240,0.388,52,151,0.344,41,89,0.461,0.496,16,20,0.8,9,80,89,200,24,5,81,70,254
"123","Tobias Harris",34,"PF","6-9",235,"July 15, 1992","us","4","University of Tennessee","DET","$16,000,000",23,27,25,903,166,348,0.477,33,88,0.375,133,260,0.512,0.524,82,90,0.911,25,143,168,70,18,12,30,62,447
"124","Aaron Brooks",0,"PG","6-0",161,"January 14, 1985","us","7","University of Oregon","CHI","$2,000,000",31,69,0,1108,188,469,0.401,66,185,0.357,122,284,0.43,0.471,49,64,0.766,21,80,101,180,30,10,82,132,491
"125","Bobby Portis",5,"PF","6-11",230,"February 10, 1995","us","R","University of Arkansas","CHI","$1,391,160",20,62,4,1102,186,436,0.427,16,52,0.308,170,384,0.443,0.445,48,66,0.727,123,214,337,52,25,22,54,100,436
"126","Cameron Bairstow",41,"C","6-9",250,"December 7, 1990","au","1","University of New Mexico","CHI","$845,059",25,18,2,103,13,40,0.325,1,5,0.2,12,35,0.343,0.338,7,8,0.875,4,24,28,6,2,3,4,19,34
"127","Cristiano Felicio",6,"C","6-10",275,"July 7, 1992","br","R","","CHI","$525,090",23,31,4,321,40,72,0.556,0,4,0,40,68,0.588,0.556,25,35,0.714,30,72,102,26,6,13,13,31,105
"128","Derrick Rose",1,"PG","6-3",190,"October 4, 1988","us","6","University of Memphis","CHI","$20,093,063",27,66,66,2097,447,1048,0.427,44,150,0.293,403,898,0.449,0.448,142,179,0.793,46,179,225,311,44,14,175,84,1080
"129","Doug McDermott",3,"SF","6-8",225,"January 3, 1992","us","1","Creighton University","CHI","$2,380,440",24,81,4,1861,291,644,0.452,110,259,0.425,181,385,0.47,0.537,72,84,0.857,37,158,195,59,14,6,53,127,764
"130","E'Twaun Moore",55,"SG","6-4",191,"February 28, 1989","us","4","Purdue University","CHI","$1,015,421",26,59,22,1263,187,389,0.481,47,104,0.452,140,285,0.491,0.541,22,35,0.629,19,114,133,99,37,18,53,103,443
"131","Jimmy Butler",21,"SG","6-7",220,"September 14, 1989","us","4","Marquette University","CHI","$15,260,000",26,67,67,2474,470,1035,0.454,64,205,0.312,406,830,0.489,0.485,395,475,0.832,79,279,358,321,110,43,132,124,1399
"132","Joakim Noah",13,"C","6-11",230,"February 25, 1985","us","8","University of Florida","CHI","$13,400,000",30,29,2,635,51,133,0.383,0,1,0,51,132,0.386,0.383,22,45,0.489,87,168,255,110,18,29,52,77,124
"133","Justin Holiday",7,"SG","6-6",185,"April 5, 1989","us","2","University of Washington","CHI","$947,300",26,27,4,510,64,155,0.413,26,60,0.433,38,95,0.4,0.497,22,27,0.815,8,55,63,45,19,15,26,40,176
"134","Mike Dunleavy",34,"SF","6-9",230,"September 15, 1980","us","13","Duke University","CHI","$4,500,000",35,31,30,703,77,188,0.41,39,99,0.394,38,89,0.427,0.513,29,37,0.784,8,75,83,39,14,10,26,66,222
"135","Nikola Mirotic",44,"PF","6-10",220,"February 11, 1991","me","1","","CHI","$5,543,725",24,66,38,1646,248,609,0.407,135,346,0.39,113,263,0.43,0.518,146,181,0.807,58,304,362,100,58,46,102,151,777
"136","Pau Gasol",16,"C","7-0",250,"July 6, 1980","es","14","","CHI","$7,448,760",35,72,72,2291,467,995,0.469,24,69,0.348,443,926,0.478,0.481,229,289,0.792,155,638,793,294,42,146,164,148,1187
"137","Taj Gibson",22,"PF","6-9",225,"June 24, 1985","us","6","University of Southern California","CHI","$8,500,000",30,73,55,1936,263,500,0.526,0,3,0,263,497,0.529,0.526,101,146,0.692,206,298,504,106,47,77,78,180,627
"138","Tony Snell",20,"SF","6-7",200,"November 10, 1991","us","2","University of New Mexico","CHI","$1,535,880",24,64,33,1301,126,339,0.372,56,155,0.361,70,184,0.38,0.454,30,33,0.909,19,180,199,63,16,17,52,100,338
"139","Alan Anderson",6,"SG","6-6",220,"October 16, 1982","us","6","Michigan State University","WAS","$4,000,000",33,13,0,192,21,59,0.356,12,37,0.324,9,22,0.409,0.458,11,15,0.733,1,26,27,14,4,1,2,25,65
"140","Bradley Beal",3,"SG","6-5",207,"June 28, 1993","us","3","University of Florida","WAS","$5,694,674",22,55,35,1708,359,799,0.449,105,271,0.387,254,528,0.481,0.515,135,176,0.767,41,147,188,162,54,11,112,117,958
"141","Drew Gooden",90,"PF","6-10",250,"September 24, 1981","us","13","University of Kansas","WAS","$3,300,000",34,30,0,305,33,103,0.32,7,41,0.171,26,62,0.419,0.354,9,14,0.643,28,57,85,13,8,11,13,40,82
"142","Garrett Temple",17,"SF","6-6",195,"May 8, 1986","us","5","Louisiana State University","WAS","$1,100,602",29,80,43,1951,201,505,0.398,89,258,0.345,112,247,0.453,0.486,91,125,0.728,36,176,212,140,69,18,64,195,582
"143","Gary Neal",14,"SG","6-4",210,"October 3, 1984","us","5","Towson University","WAS","$2,100,000",31,40,2,807,151,325,0.465,41,100,0.41,110,225,0.489,0.528,47,55,0.855,11,72,83,47,20,1,29,55,390
"144","Jared Dudley",1,"PF","6-7",225,"July 10, 1985","us","8","Boston College","WAS","$4,250,000",30,81,41,2098,233,487,0.478,100,238,0.42,133,249,0.534,0.581,72,98,0.735,54,232,286,170,75,18,80,190,638
"145","Jarell Eddie",8,"SF","6-7",218,"October 30, 1991","us","R","Virginia Polytechnic Institute and State University","WAS","$561,716",24,26,0,147,20,65,0.308,15,47,0.319,5,18,0.278,0.423,8,8,1,2,21,23,5,5,1,1,5,63
"146","J.J. Hickson",21,"C","6-9",242,"September 4, 1988","us","7","North Carolina State University","WAS","$366,337",27,15,0,131,25,46,0.543,0,1,0,25,45,0.556,0.543,19,44,0.432,17,28,45,7,5,2,9,12,69
"147","John Wall",2,"PG","6-4",195,"September 6, 1990","us","5","University of Kentucky","WAS","$15,851,950",25,77,77,2784,572,1349,0.424,115,328,0.351,457,1021,0.448,0.467,272,344,0.791,42,337,379,789,145,59,318,159,1531
"148","Kelly Oubre",12,"SF","6-7",205,"December 9, 1995","us","R","University of Kansas","WAS","$1,920,240",20,63,9,671,90,211,0.427,25,79,0.316,65,132,0.492,0.486,31,49,0.633,25,108,133,13,22,7,34,100,236
"149","Marcin Gortat",13,"C","6-11",240,"February 17, 1984","pl","8","","WAS","$11,217,391",31,75,74,2256,433,764,0.567,0,1,0,433,763,0.567,0.567,146,207,0.705,222,519,741,106,47,96,121,193,1012
"150","Marcus Thornton",15,"SG","6-4",205,"June 5, 1987","us","6","Louisiana State University","WAS","$251,107",28,14,2,224,42,107,0.393,18,54,0.333,24,53,0.453,0.477,16,21,0.762,7,28,35,19,13,1,11,17,118
"151","Markieff Morris",5,"PF","6-10",245,"September 2, 1989","us","4","University of Kansas","WAS","$8,000,000",26,27,21,712,134,287,0.467,25,79,0.316,109,208,0.524,0.51,42,55,0.764,30,128,158,37,25,17,45,80,335
"152","Nene Hilario",42,"PF","6-11",250,"September 13, 1982","br","13","","WAS","$13,000,000",33,57,11,1094,209,384,0.544,0,3,0,209,381,0.549,0.544,107,185,0.578,52,207,259,97,54,26,76,156,525
"153","Otto Porter",22,"SF","6-8",198,"June 3, 1993","us","2","Georgetown University","WAS","$4,662,960",22,75,73,2276,339,717,0.473,98,267,0.367,241,450,0.536,0.541,95,126,0.754,97,294,391,120,105,32,70,163,871
"154","Ramon Sessions",7,"PG","6-3",190,"April 11, 1986","us","8","University of Nevada, Reno","WAS","$2,170,465",29,82,5,1667,280,592,0.473,36,111,0.324,244,481,0.507,0.503,214,283,0.756,25,178,203,239,46,5,115,102,810
"155","Ryan Hollins",15,"C","7-0",240,"October 10, 1984","us","9","University of California, Los Angeles","WAS","$176,375",31,5,3,48,4,7,0.571,0,0,NA,4,7,0.571,0.571,0,0,NA,7,4,11,0,0,1,3,4,8
"156","Aaron Gordon",0,"PF","6-9",220,"September 16, 1995","us","1","University of Arizona","ORL","$4,171,680",20,78,37,1863,274,579,0.473,42,142,0.296,232,437,0.531,0.509,129,193,0.668,154,353,507,128,59,55,66,153,719
"157","Andrew Nicholson",44,"PF","6-9",250,"December 8, 1989","ca","3","St. Bonaventure University","ORL","$2,380,594",26,56,0,823,146,310,0.471,41,114,0.36,105,196,0.536,0.537,51,65,0.785,34,167,201,25,10,22,41,69,384
"158","Brandon Jennings",55,"PG","6-1",170,"September 23, 1989","us","6","","ORL","$8,344,497",26,25,6,452,59,161,0.366,27,78,0.346,32,83,0.386,0.45,30,40,0.75,11,39,50,100,18,5,35,33,175
"159","C.J. Watson",32,"PG","6-2",175,"April 17, 1984","us","8","University of Tennessee","ORL","$5,000,000",31,33,2,656,47,137,0.343,14,48,0.292,33,89,0.371,0.394,34,39,0.872,10,56,66,88,19,5,25,49,142
"160","Devyn Marble",11,"SG","6-6",200,"September 21, 1992","us","1","University of Iowa","ORL","$845,059",23,28,0,249,21,71,0.296,8,32,0.25,13,39,0.333,0.352,10,24,0.417,6,32,38,12,13,1,7,25,60
"161","Dewayne Dedmon",3,"C","7-0",245,"August 12, 1989","us","2","University of Southern California","ORL","$947,278",26,58,20,705,99,177,0.559,0,0,NA,99,177,0.559,0.559,57,76,0.75,67,161,228,13,22,46,32,109,255
"162","Elfrid Payton",4,"PG","6-4",185,"February 22, 1994","us","1","University of Louisiana at Lafayette","ORL","$2,505,720",21,73,69,2145,318,730,0.436,30,92,0.326,288,638,0.451,0.456,112,190,0.589,77,184,261,468,89,20,177,159,778
"163","Ersan Ilyasova",7,"PF","6-10",235,"May 15, 1987","tr","7","","ORL","$7,900,000",28,22,4,447,64,153,0.418,18,44,0.409,46,109,0.422,0.477,32,45,0.711,45,76,121,12,14,6,12,51,178
"164","Evan Fournier",10,"SF","6-7",205,"October 29, 1992","fr","3","","ORL","$2,288,205",23,79,71,2566,429,929,0.462,156,390,0.4,273,539,0.506,0.546,199,238,0.836,33,192,225,213,96,2,133,214,1213
"165","Jason Smith",14,"C","7-0",245,"March 2, 1986","us","7","Colorado State University","ORL","$4,300,000",29,76,2,1181,244,503,0.485,4,16,0.25,240,487,0.493,0.489,54,67,0.806,53,166,219,62,33,65,57,163,546
"166","Keith Appling",15,"PG","6-1",185,"February 13, 1992","us","R","Michigan State University","ORL","$161,776",23,5,0,27,2,8,0.25,0,3,0,2,5,0.4,0.25,2,2,1,0,1,1,1,1,0,3,5,6
"167","Mario Hezonja",23,"SF","6-8",215,"February 25, 1995","hr","R","","ORL","$3,741,480",20,79,9,1413,181,418,0.433,67,192,0.349,114,226,0.504,0.513,49,54,0.907,28,148,176,109,39,17,97,124,478
"168","Nikola Vucevic",9,"C","7-0",260,"October 24, 1990","ch","4","University of Southern California","ORL","$11,250,000",25,65,60,2037,533,1046,0.51,2,9,0.222,531,1037,0.512,0.511,113,150,0.753,174,402,576,179,53,70,123,173,1181
"169","Shabazz Napier",13,"PG","6-1",175,"July 14, 1991","us","1","University of Connecticut","ORL","$1,294,440",24,55,0,600,68,201,0.338,34,104,0.327,34,97,0.351,0.423,33,45,0.733,9,46,55,97,23,1,46,38,203
"170","Victor Oladipo",5,"SG","6-4",210,"May 4, 1992","us","2","Indiana University","ORL","$5,192,520",23,72,52,2379,425,970,0.438,98,282,0.348,327,688,0.475,0.489,205,247,0.83,48,297,345,282,116,54,153,174,1153
"171","Damien Inglis",17,"SF","6-8",246,"May 20, 1995","gf","R","","MIL","$855,000",20,20,1,156,13,37,0.351,3,13,0.231,10,24,0.417,0.392,7,8,0.875,2,29,31,10,6,3,11,11,36
"172","Giannis Antetokounmpo",34,"PG","6-11",222,"December 6, 1994","gr","2","","MIL","$1,953,960",21,80,79,2823,513,1013,0.506,28,109,0.257,485,904,0.537,0.52,296,409,0.724,113,499,612,345,94,113,208,258,1350
"173","Greg Monroe",15,"C","6-11",265,"June 4, 1990","us","5","Georgetown University","MIL","$16,400,000",25,79,67,2314,491,941,0.522,0,1,0,491,940,0.522,0.522,228,308,0.74,218,478,696,178,72,67,129,163,1210
"174","Greivis Vasquez",21,"PG","6-6",217,"January 16, 1987","ve","5","University of Maryland","MIL","$6,600,000",29,23,0,460,45,138,0.326,18,73,0.247,27,65,0.415,0.391,22,26,0.846,5,42,47,91,10,0,40,42,130
"175","Jabari Parker",12,"PF","6-8",250,"March 15, 1995","us","1","Duke University","MIL","$5,152,440",20,76,72,2408,443,899,0.493,9,35,0.257,434,864,0.502,0.498,175,228,0.768,123,272,395,130,69,29,116,154,1070
"176","Jared Cunningham",9,"SG","6-4",195,"May 22, 1991","us","3","Oregon State University","MIL","$57,726",24,4,0,55,4,14,0.286,2,7,0.286,2,7,0.286,0.357,6,7,0.857,0,9,9,1,2,0,3,4,16
"177","Jerryd Bayless",19,"SG","6-3",200,"August 20, 1988","us","7","University of Arizona","MIL","$3,000,000",27,52,18,1505,185,437,0.423,101,231,0.437,84,206,0.408,0.539,70,90,0.778,21,120,141,163,47,11,73,111,541
"178","John Henson",31,"C","6-11",229,"December 28, 1990","us","3","University of North Carolina","MIL","$2,943,221",25,57,1,960,164,291,0.564,0,1,0,164,290,0.566,0.564,69,117,0.59,87,134,221,54,18,109,64,131,397
"179","Johnny O'Bryant",77,"PF","6-9",257,"June 1, 1993","us","1","Louisiana State University","MIL","$845,059",22,66,4,857,86,209,0.411,1,1,1,85,208,0.409,0.414,27,40,0.675,65,111,176,32,18,8,31,100,200
"180","Khris Middleton",22,"SG","6-8",234,"August 12, 1991","us","3","Texas A&M University","MIL","$15,000,000",24,79,79,2852,507,1142,0.444,143,361,0.396,364,781,0.466,0.507,277,312,0.888,44,258,302,331,131,19,180,204,1434
"181","Michael Carter-Williams",5,"PG","6-6",190,"October 10, 1991","us","2","Syracuse University","MIL","$2,399,040",24,54,37,1649,251,555,0.452,15,55,0.273,236,500,0.472,0.466,106,162,0.654,48,228,276,281,80,41,153,162,623
"182","Miles Plumlee",18,"C","6-11",249,"September 1, 1988","us","3","Duke University","MIL","$2,109,294",27,61,14,870,140,233,0.601,0,0,NA,140,233,0.601,0.601,34,59,0.576,94,138,232,16,21,50,40,73,314
"183","O.J. Mayo",3,"SG","6-5",210,"November 5, 1987","us","7","University of Southern California","MIL","$8,000,000",28,41,24,1090,119,321,0.371,52,162,0.321,67,159,0.421,0.452,31,40,0.775,13,92,105,118,48,8,72,126,321
"184","Rashad Vaughn",20,"SG","6-6",202,"August 16, 1996","us","R","University of Nevada, Las Vegas","MIL","$1,733,040",19,70,6,1001,81,266,0.305,43,147,0.293,38,119,0.319,0.385,12,15,0.8,11,77,88,39,29,16,28,73,217
"185","Steve Novak",6,"PF","6-10",225,"June 13, 1983","us","9","Marquette University","MIL","$416,886",32,3,0,20,2,6,0.333,2,6,0.333,0,0,NA,0.5,1,1,1,0,1,1,0,0,0,0,2,7
"186","Tyler Ennis",11,"PG","6-3",194,"August 24, 1994","ca","1","Syracuse University","MIL","$1,662,360",21,46,7,654,84,187,0.449,13,39,0.333,71,148,0.48,0.484,25,34,0.735,13,62,75,95,25,1,46,64,206
"187","Arron Afflalo",4,"SG","6-5",210,"October 15, 1985","us","8","University of California, Los Angeles","NYK","$8,000,000",30,71,57,2371,354,799,0.443,91,238,0.382,263,561,0.469,0.5,110,131,0.84,23,243,266,144,25,10,82,142,909
"188","Carmelo Anthony",7,"SF","6-8",240,"May 29, 1984","us","12","Syracuse University","NYK","$22,875,000",31,72,72,2530,567,1307,0.434,105,310,0.339,462,997,0.463,0.474,334,403,0.829,98,458,556,299,62,38,176,180,1573
"189","Cleanthony Early",11,"SF","6-8",210,"April 17, 1991","us","1","Wichita State University","NYK","$845,059",24,17,2,154,12,40,0.3,4,15,0.267,8,25,0.32,0.35,3,4,0.75,4,22,26,6,2,3,9,16,31
"190","Derrick Williams",23,"SF","6-8",240,"May 25, 1991","us","4","University of Arizona","NYK","$4,900,000",24,80,9,1435,254,565,0.45,44,150,0.293,210,415,0.506,0.488,194,256,0.758,47,249,296,75,29,9,61,69,746
"191","Jerian Grant",13,"PG","6-4",195,"October 9, 1992","us","R","University of Notre Dame","NYK","$1,572,360",23,76,6,1265,154,391,0.394,22,100,0.22,132,291,0.454,0.422,96,123,0.78,23,120,143,177,50,10,87,97,426
"192","Jimmer Fredette",32,"SG","6-2",195,"February 25, 1989","us","4","Brigham Young University","NYK","$59,731",26,2,0,5,1,1,1,1,1,1,0,0,NA,1.5,4,5,0.8,0,0,0,0,0,0,1,1,7
"193","Jose Calderon",3,"PG","6-3",200,"September 28, 1981","es","10","","NYK","$7,402,812",34,72,72,2024,209,455,0.459,84,203,0.414,125,252,0.496,0.552,42,48,0.875,22,207,229,299,63,7,87,135,544
"194","Kevin Seraphin",1,"C","6-9",285,"December 7, 1989","gf","5","","NYK","$2,800,000",26,48,0,526,84,205,0.41,0,2,0,84,203,0.414,0.41,19,23,0.826,31,95,126,47,8,36,43,67,187
"195","Kristaps Porzingis",6,"PF","7-3",240,"August 2, 1995","lv","R","","NYK","$4,131,720",20,72,72,2047,373,886,0.421,81,243,0.333,292,643,0.454,0.467,201,240,0.838,132,394,526,93,53,134,121,205,1028
"196","Kyle O'Quinn",9,"PF","6-10",250,"March 26, 1990","us","3","Norfolk State University","NYK","$3,750,000",25,65,1,764,129,271,0.476,5,22,0.227,124,249,0.498,0.485,46,60,0.767,76,174,250,72,20,49,61,107,309
"197","Lance Thomas",42,"PF","6-8",235,"April 24, 1988","us","4","Duke University","NYK","$1,650,000",27,59,5,1313,169,382,0.442,44,109,0.404,125,273,0.458,0.5,102,119,0.857,34,97,131,53,22,7,57,109,484
"198","Langston Galloway",2,"PG","6-2",200,"December 9, 1991","us","1","Saint Joseph's University","NYK","$845,059",24,82,7,2033,231,588,0.393,77,224,0.344,154,364,0.423,0.458,86,114,0.754,43,245,288,207,77,22,61,177,625
"199","Lou Amundson",17,"PF","6-9",220,"December 7, 1982","us","9","University of Nevada, Las Vegas","NYK","$1,650,000",33,29,0,204,19,53,0.358,0,0,NA,19,53,0.358,0.358,14,27,0.519,23,26,49,12,6,7,15,44,52
"200","Robin Lopez",8,"C","7-0",255,"April 1, 1988","us","7","Stanford University","NYK","$13,000,000",27,82,82,2219,357,662,0.539,0,1,0,357,661,0.54,0.539,128,161,0.795,268,334,602,114,16,129,133,182,842
"201","Sasha Vujacic",18,"SG","6-7",195,"March 8, 1984","si","8","","NYK","$1,356,146",31,61,25,908,106,277,0.383,52,143,0.364,54,134,0.403,0.477,32,39,0.821,26,123,149,84,34,5,44,83,296
"202","Thanasis Antetokounmpo",43,"SF","6-7",205,"July 17, 1992","gr","R","","NYK","$105,888",23,2,0,6,3,4,0.75,0,1,0,3,3,1,0.75,0,0,NA,0,1,1,0,0,0,0,2,6
"203","Andrea Bargnani",9,"C","7-0",245,"October 26, 1985","it","9","","BRK","$1,362,900",30,46,0,634,127,279,0.455,3,16,0.188,124,263,0.471,0.461,47,57,0.825,28,69,97,18,4,9,26,61,304
"204","Bojan Bogdanovic",44,"SF","6-8",216,"April 18, 1989","ba","1","","BRK","$3,425,510",26,79,39,2115,324,749,0.433,129,338,0.382,195,411,0.474,0.519,110,132,0.833,36,219,255,99,29,5,115,119,887
"205","Brook Lopez",11,"C","7-0",275,"April 1, 1988","us","7","Stanford University","BRK","$20,000,000",27,73,73,2457,591,1157,0.511,2,14,0.143,589,1143,0.515,0.512,317,403,0.787,204,369,573,147,58,124,175,215,1501
"206","Chris McCullough",1,"PF","6-11",200,"February 5, 1995","us","R","Syracuse University","BRK","$1,140,240",20,24,4,362,44,109,0.404,13,34,0.382,31,75,0.413,0.463,11,23,0.478,25,43,68,9,28,12,15,39,112
"207","Donald Sloan",15,"PG","6-3",205,"January 15, 1988","us","4","Texas A&M University","BRK","$1,015,421",28,61,33,1318,154,350,0.44,38,99,0.384,116,251,0.462,0.494,78,104,0.75,17,156,173,268,32,4,80,73,424
"208","Henry Sims",14,"C","6-10",248,"March 27, 1990","us","3","Georgetown University","BRK","$161,622",25,14,4,263,33,77,0.429,0,0,NA,33,77,0.429,0.429,25,30,0.833,21,51,72,9,9,14,12,37,91
"209","Jarrett Jack",2,"PG","6-3",200,"October 28, 1983","us","10","Georgia Institute of Technology","BRK","$6,300,000",32,32,32,1027,140,358,0.391,31,102,0.304,109,256,0.426,0.434,100,112,0.893,9,127,136,236,34,7,94,77,411
"211","Markel Brown",22,"SG","6-3",190,"January 29, 1992","us","1","Oklahoma State University","BRK","$845,059",24,62,6,982,127,322,0.394,38,121,0.314,89,201,0.443,0.453,71,94,0.755,23,99,122,91,38,15,54,94,363
"212","Rondae Hollis-Jefferson",24,"SF","6-7",220,"January 3, 1995","us","R","University of Arizona","BRK","$1,335,480",21,29,17,615,63,138,0.457,4,14,0.286,59,124,0.476,0.471,37,52,0.712,39,115,154,43,39,16,26,61,167
"213","Sean Kilpatrick",6,"SG","6-4",210,"January 6, 1990","us","1","University of Cincinnati","BRK","$320,594",26,23,0,534,115,249,0.462,35,97,0.361,80,152,0.526,0.532,53,59,0.898,10,40,50,26,10,2,27,30,318
"214","Sergey Karasev",10,"SF","6-7",208,"October 26, 1993","ru","2","","BRK","$1,599,840",22,40,5,399,30,74,0.405,11,37,0.297,19,37,0.514,0.48,26,28,0.929,8,50,58,35,6,2,22,27,97
"215","Shane Larkin",0,"PG","5-11",175,"October 2, 1992","us","2","University of Miami","BRK","$1,500,000",23,78,17,1751,222,502,0.442,39,108,0.361,183,394,0.464,0.481,83,107,0.776,28,152,180,342,95,12,146,121,566
"216","Thaddeus Young",30,"PF","6-8",221,"June 21, 1988","us","8","Georgia Institute of Technology","BRK","$11,200,000",27,73,73,2407,495,963,0.514,7,30,0.233,488,933,0.523,0.518,105,163,0.644,176,484,660,135,112,37,136,182,1102
"217","Thomas Robinson",41,"PF","6-10",237,"March 17, 1991","us","3","University of Kansas","BRK","$981,300",24,71,7,917,130,291,0.447,0,1,0,130,290,0.448,0.447,47,109,0.431,136,223,359,46,39,36,69,111,307
"218","Wayne Ellington",21,"SG","6-4",200,"October 29, 1987","us","6","University of North Carolina","BRK","$1,500,000",28,76,41,1615,218,561,0.389,96,268,0.358,122,293,0.416,0.474,54,63,0.857,20,154,174,83,48,5,45,82,586
"219","Willie Reed",33,"PF","6-10",220,"May 16, 1990","us","R","Saint Louis University","BRK","$947,276",25,39,2,426,76,133,0.571,0,0,NA,76,133,0.571,0.571,30,55,0.545,49,73,122,10,6,30,16,47,182
"220","Carl Landry",7,"PF","6-9",248,"September 19, 1983","us","8","Purdue University","PHI","$6,500,000",32,36,12,569,139,250,0.556,6,13,0.462,133,237,0.561,0.568,67,91,0.736,49,97,146,32,12,9,22,69,351
"221","Christian Wood",35,"PF","6-11",220,"September 27, 1995","us","R","University of Nevada, Las Vegas","PHI","$305,789",20,17,0,145,22,53,0.415,4,11,0.364,18,42,0.429,0.453,13,21,0.619,13,25,38,3,5,7,2,11,61
"222","Elton Brand",42,"C","6-8",275,"March 11, 1979","us","16","Duke University","PHI","$890,693",36,17,1,225,31,72,0.431,0,1,0,31,71,0.437,0.431,8,9,0.889,9,54,63,18,9,8,11,32,70
"223","Hollis Thompson",31,"SG","6-8",206,"April 3, 1991","us","2","Georgetown University","PHI","$947,276",24,77,17,2154,270,680,0.397,149,392,0.38,121,288,0.42,0.507,69,96,0.719,54,218,272,99,36,24,76,187,758
"224","Isaiah Canaan",0,"SG","6-0",201,"May 21, 1991","us","2","Murray State University","PHI","$947,276",24,77,39,1966,260,722,0.36,176,485,0.363,84,237,0.354,0.482,150,180,0.833,20,154,174,137,56,12,91,133,846
"225","Ish Smith",1,"PG","6-0",175,"July 5, 1988","us","5","Wake Forest University","PHI","$1,100,602",27,50,50,1622,299,739,0.405,46,137,0.336,253,602,0.42,0.436,89,133,0.669,29,184,213,348,64,18,130,95,733
"226","Jahlil Okafor",8,"C","6-11",275,"December 15, 1995","us","R","Duke University","PHI","$4,582,680",20,53,48,1591,397,781,0.508,1,6,0.167,396,775,0.511,0.509,133,194,0.686,122,251,373,65,22,61,124,140,928
"227","JaKarr Sampson",9,"SF","6-9",214,"March 20, 1993","us","1","St. John's University","PHI","$845,059",22,47,18,691,86,202,0.426,6,34,0.176,80,168,0.476,0.441,62,97,0.639,30,99,129,30,11,16,51,91,240
"228","Jerami Grant",39,"SF","6-8",210,"March 12, 1994","us","1","Syracuse University","PHI","$845,059",21,77,52,2066,251,599,0.419,35,146,0.24,216,453,0.477,0.448,212,322,0.658,99,262,361,135,54,127,110,215,749
"229","Kendall Marshall",5,"PG","6-4",200,"August 19, 1991","us","3","University of North Carolina","PHI","$2,144,722",24,30,6,400,43,118,0.364,16,49,0.327,27,69,0.391,0.432,9,13,0.692,2,26,28,73,16,2,43,30,111
"230","Nerlens Noel",4,"C","6-11",228,"April 10, 1994","us","1","University of Kentucky","PHI","$3,457,800",21,67,62,1965,306,587,0.521,1,2,0.5,305,585,0.521,0.522,134,227,0.59,154,388,542,122,118,100,158,192,747
"231","Nik Stauskas",11,"SG","6-6",205,"October 7, 1993","ca","1","University of Michigan","PHI","$2,869,440",22,73,35,1809,210,545,0.385,106,325,0.326,104,220,0.473,0.483,91,118,0.771,23,160,183,138,44,20,94,115,617
"232","Phil Pressey",26,"PG","5-11",175,"February 17, 1991","us","2","University of Missouri","PHI","$172,739",24,14,0,170,21,55,0.382,4,13,0.308,17,42,0.405,0.418,9,18,0.5,0,23,23,46,11,1,19,14,55
"233","Richaun Holmes",22,"PF","6-10",245,"October 15, 1993","us","R","Bowling Green State University","PHI","$1,050,000",22,51,1,702,114,222,0.514,8,44,0.182,106,178,0.596,0.532,51,74,0.689,62,73,135,33,19,40,32,92,287
"234","Robert Covington",33,"SF","6-9",215,"December 14, 1990","us","2","Tennessee State University","PHI","$1,000,000",25,67,49,1903,274,712,0.385,170,482,0.353,104,230,0.452,0.504,140,177,0.791,65,354,419,97,105,40,143,232,858
"235","Sonny Weems",9,"SF","6-6",205,"July 8, 1986","us","3","University of Arkansas","PHI","$2,800,000",29,7,0,78,7,21,0.333,2,9,0.222,5,12,0.417,0.381,1,2,0.5,1,11,12,2,0,0,4,7,17
"236","T.J. McConnell",12,"PG","6-2",200,"March 25, 1992","us","R","University of Arizona","PHI","$525,093",23,81,17,1606,218,464,0.47,31,89,0.348,187,375,0.499,0.503,26,41,0.634,43,207,250,367,95,10,140,114,493
"237","Tony Wroten",1,"PG","6-6",205,"April 13, 1993","us","3","University of Washington","PHI","$2,179,354",22,8,3,144,22,65,0.338,3,17,0.176,19,48,0.396,0.362,20,37,0.541,2,19,21,20,3,0,29,11,67
"238","Anderson Varejao",18,"C","6-10",273,"September 28, 1982","br","11","","GSW","$458,575",33,22,0,186,21,48,0.438,0,0,NA,21,48,0.438,0.438,16,29,0.552,13,37,50,15,5,5,6,35,58
"239","Andre Iguodala",9,"SF","6-6",215,"January 28, 1984","us","11","University of Arizona","GSW","$11,710,456",32,65,1,1732,176,368,0.478,54,154,0.351,122,214,0.57,0.552,51,83,0.614,52,211,263,219,73,19,79,102,457
"240","Andrew Bogut",12,"C","7-0",260,"November 28, 1984","au","10","University of Utah","GSW","$12,000,000",31,70,66,1451,175,279,0.627,1,1,1,174,278,0.626,0.629,24,50,0.48,121,371,492,162,33,114,83,221,375
"241","Brandon Rush",4,"SG","6-6",220,"July 7, 1985","us","7","University of Kansas","GSW","$1,270,964",30,72,25,1055,111,260,0.427,65,157,0.414,46,103,0.447,0.552,18,28,0.643,21,160,181,57,20,23,33,57,305
"242","Draymond Green",23,"PF","6-7",230,"March 4, 1990","us","3","Michigan State University","GSW","$14,300,000",25,81,81,2808,401,819,0.49,100,258,0.388,301,561,0.537,0.551,229,329,0.696,134,635,769,598,119,113,259,240,1131
"243","Festus Ezeli",31,"C","6-11",255,"October 21, 1989","ng","2","Vanderbilt University","GSW","$2,008,748",26,46,13,770,125,228,0.548,0,0,NA,125,228,0.548,0.548,70,132,0.53,91,166,257,32,18,50,38,94,320
"244","Harrison Barnes",40,"SF","6-8",210,"May 30, 1992","us","3","University of North Carolina","GSW","$3,873,398",23,66,59,2042,295,633,0.466,82,214,0.383,213,419,0.508,0.531,102,134,0.761,77,248,325,117,41,10,57,136,774
"245","Ian Clark",21,"SG","6-3",175,"March 7, 1991","us","2","Belmont University","GSW","$947,276",24,66,1,578,89,202,0.441,30,84,0.357,59,118,0.5,0.515,28,34,0.824,13,55,68,64,17,13,43,58,236
"246","James Michael McAdoo",20,"PF","6-9",230,"January 4, 1993","us","1","University of North Carolina","GSW","$845,059",23,41,1,262,45,84,0.536,1,2,0.5,44,82,0.537,0.542,26,49,0.531,30,28,58,17,10,8,16,39,117
"248","Kevon Looney",36,"PF","6-9",220,"February 6, 1996","us","R","University of California, Los Angeles","GSW","$1,131,960",19,5,0,21,4,7,0.571,1,2,0.5,3,5,0.6,0.643,0,0,NA,4,6,10,0,0,0,1,2,9
"249","Klay Thompson",11,"SG","6-7",215,"February 8, 1990","us","4","Washington State University","GSW","$15,500,000",25,80,80,2666,651,1386,0.47,276,650,0.425,375,736,0.51,0.569,193,221,0.873,35,271,306,166,60,49,138,152,1771
"250","Leandro Barbosa",19,"SG","6-3",194,"November 28, 1982","br","12","","GSW","$2,500,000",33,68,0,1079,171,370,0.462,39,110,0.355,132,260,0.508,0.515,52,62,0.839,28,89,117,82,44,10,53,107,433
"251","Marreese Speights",5,"C","6-10",255,"August 4, 1987","us","7","University of Florida","GSW","$3,815,000",28,72,0,832,197,456,0.432,24,62,0.387,173,394,0.439,0.458,94,114,0.825,77,162,239,61,19,34,66,117,512
"252","Shaun Livingston",34,"PG","6-7",192,"September 11, 1985","us","10","","GSW","$5,543,725",30,78,3,1520,203,379,0.536,2,12,0.167,201,367,0.548,0.538,80,93,0.86,42,127,169,237,57,27,78,140,488
"253","Stephen Curry",30,"PG","6-3",190,"March 14, 1988","us","6","Davidson College","GSW","$11,370,786",27,79,79,2700,805,1598,0.504,402,886,0.454,403,712,0.566,0.63,363,400,0.908,68,362,430,527,169,15,262,161,2375
"254","Andre Miller",24,"PG","6-3",200,"March 19, 1976","us","16","University of Utah","SAS","$396,844",39,13,4,181,23,48,0.479,1,4,0.25,22,44,0.5,0.49,9,13,0.692,6,21,27,29,7,0,12,14,56
"255","Boban Marjanovic",40,"C","7-3",290,"August 15, 1988","rs","R","","SAS","$1,200,000",27,54,4,508,105,174,0.603,0,0,NA,105,174,0.603,0.603,87,114,0.763,73,121,194,21,12,23,29,54,297
"256","Boris Diaw",33,"PF","6-8",250,"April 16, 1982","fr","12","","SAS","$7,000,000",33,76,4,1386,202,383,0.527,25,69,0.362,177,314,0.564,0.56,56,76,0.737,58,175,233,176,26,21,97,102,485
"257","Danny Green",14,"SG","6-6",215,"June 22, 1987","us","6","University of North Carolina","SAS","$10,000,000",28,79,79,2062,211,561,0.376,116,349,0.332,95,212,0.448,0.48,34,46,0.739,48,255,303,141,79,64,75,141,572
"258","David West",30,"PF","6-9",250,"August 29, 1980","us","12","Xavier University","SAS","$1,499,000",35,78,19,1404,244,448,0.545,3,7,0.429,241,441,0.546,0.548,63,80,0.788,72,237,309,143,44,55,68,142,554
"259","Jonathon Simmons",17,"SG","6-6",195,"September 14, 1989","us","R","University of Houston","SAS","$525,093",26,55,2,813,122,242,0.504,18,47,0.383,104,195,0.533,0.541,69,92,0.75,16,80,96,58,24,5,53,103,331
"260","Kawhi Leonard",2,"SF","6-7",230,"June 29, 1991","us","4","San Diego State University","SAS","$16,500,000",24,72,72,2380,551,1090,0.506,129,291,0.443,422,799,0.528,0.565,292,334,0.874,95,398,493,186,128,71,105,133,1523
"261","Kevin Martin",23,"SG","6-7",199,"February 1, 1983","us","11","Western Carolina University","SAS","$317,475",32,16,1,261,30,85,0.353,11,33,0.333,19,52,0.365,0.418,28,30,0.933,4,25,29,12,9,2,13,15,99
"262","Kyle Anderson",1,"SF","6-9",230,"September 20, 1993","us","1","University of California, Los Angeles","SAS","$1,142,879",22,78,11,1245,138,295,0.468,12,37,0.324,126,258,0.488,0.488,62,83,0.747,25,219,244,123,60,29,59,97,350
"263","LaMarcus Aldridge",12,"PF","6-11",260,"July 19, 1985","us","9","University of Texas at Austin","SAS","$19,500,000",30,74,74,2261,536,1045,0.513,0,16,0,536,1029,0.521,0.513,259,302,0.858,176,456,632,110,38,81,99,151,1331
"264","Manu Ginobili",20,"SG","6-6",205,"July 28, 1977","ar","13","","SAS","$2,814,000",38,58,0,1134,197,435,0.453,70,179,0.391,127,256,0.496,0.533,91,112,0.813,26,120,146,177,66,11,99,99,555
"265","Matt Bonner",15,"C","6-10",235,"April 5, 1980","us","11","University of Florida","SAS","$1,499,187",35,30,2,206,29,57,0.509,15,34,0.441,14,23,0.609,0.64,3,4,0.75,3,24,27,9,6,1,3,16,76
"266","Patrick Mills",8,"PG","6-0",185,"August 11, 1988","au","6","Saint Mary's College of California","SAS","$3,578,947",27,81,3,1662,260,612,0.425,123,320,0.384,137,292,0.469,0.525,47,58,0.81,27,131,158,226,59,6,76,102,690
"267","Rasual Butler",18,"SF","6-7",215,"May 23, 1979","us","12","La Salle University","SAS","$1,499,187",36,46,0,432,49,104,0.471,15,49,0.306,34,55,0.618,0.543,11,16,0.688,3,53,56,24,13,23,8,11,124
"268","Ray McCallum",3,"PG","6-3",190,"June 12, 1991","us","2","University of Detroit Mercy","SAS","$947,276",24,31,3,256,27,67,0.403,5,16,0.313,22,51,0.431,0.44,9,10,0.9,6,25,31,33,5,4,11,14,68
"269","Tim Duncan",21,"C","6-11",250,"April 25, 1976","vi","18","Wake Forest University","SAS","$5,000,000",39,61,60,1536,215,441,0.488,0,2,0,215,439,0.49,0.488,92,131,0.702,115,332,447,163,47,78,90,125,522
"270","Tony Parker",9,"PG","6-2",185,"May 17, 1982","be","14","","SAS","$13,437,500",33,72,72,1980,350,710,0.493,27,65,0.415,323,645,0.501,0.512,130,171,0.76,17,159,176,379,54,11,131,114,857
"271","Andre Roberson",21,"SG","6-7",210,"December 4, 1991","us","2","University of Colorado","OKC","$1,210,800",24,70,70,1553,136,274,0.496,32,103,0.311,104,171,0.608,0.555,33,54,0.611,79,172,251,47,53,42,35,133,337
"272","Anthony Morrow",2,"SG","6-5",210,"September 27, 1985","us","7","Georgia Institute of Technology","OKC","$3,344,000",30,68,6,926,136,333,0.408,79,204,0.387,57,129,0.442,0.527,29,39,0.744,10,52,62,24,22,5,17,64,380
"273","Cameron Payne",22,"PG","6-3",185,"August 8, 1994","us","R","Murray State University","OKC","$2,021,520",21,57,1,698,114,278,0.41,36,111,0.324,78,167,0.467,0.475,19,24,0.792,9,76,85,108,36,6,44,80,283
"274","Dion Waiters",3,"SG","6-4",225,"December 10, 1991","us","3","Syracuse University","OKC","$5,138,430",24,78,15,2152,282,706,0.399,86,240,0.358,196,466,0.421,0.46,112,157,0.713,36,166,202,154,81,15,120,143,762
"275","Enes Kanter",11,"C","6-11",245,"May 20, 1992","ch","4","","OKC","$16,400,000",23,82,1,1721,414,719,0.576,10,21,0.476,404,698,0.579,0.583,200,251,0.797,249,415,664,33,26,33,115,166,1038
"276","Josh Huestis",34,"PF","6-7",230,"December 19, 1991","us","R","Stanford University","OKC","$1,140,240",24,5,0,55,5,12,0.417,4,6,0.667,1,6,0.167,0.583,0,4,0,2,8,10,0,1,2,3,3,14
"277","Kevin Durant",35,"SF","6-9",240,"September 29, 1988","us","8","University of Texas at Austin","OKC","$20,158,622",27,72,72,2578,698,1381,0.505,186,481,0.387,512,900,0.569,0.573,447,498,0.898,45,544,589,361,69,85,250,137,2029
"278","Kyle Singler",5,"SF","6-8",228,"May 4, 1988","us","3","Duke University","OKC","$5,000,000",27,68,2,977,86,221,0.389,30,97,0.309,56,124,0.452,0.457,29,44,0.659,50,91,141,24,30,9,32,120,231
"279","Mitch McGary",33,"PF","6-10",255,"June 6, 1992","us","1","University of Michigan","OKC","$1,463,040",23,20,0,72,11,23,0.478,0,4,0,11,19,0.579,0.478,4,10,0.4,4,14,18,3,1,2,7,10,26
"280","Nazr Mohammed",13,"C","6-10",221,"September 5, 1977","us","17","University of Kentucky","OKC","$352,750",38,5,0,19,3,5,0.6,0,0,NA,3,5,0.6,0.6,2,2,1,1,3,4,0,0,0,3,4,8
"281","Nick Collison",4,"PF","6-10",255,"October 26, 1980","us","11","University of Kansas","OKC","$3,750,000",35,59,4,699,50,109,0.459,0,2,0,50,107,0.467,0.459,23,33,0.697,68,103,171,52,15,16,50,107,123
"282","Randy Foye",6,"SG","6-4",213,"September 24, 1983","us","9","Villanova University","OKC","$3,270,000",32,27,1,572,52,149,0.349,25,81,0.309,27,68,0.397,0.433,22,27,0.815,8,43,51,49,13,13,28,48,151
"283","Russell Westbrook",0,"PG","6-3",200,"November 12, 1988","us","7","University of California, Los Angeles","OKC","$16,744,218",27,80,80,2750,656,1444,0.454,101,341,0.296,555,1103,0.503,0.489,465,573,0.812,145,481,626,834,163,20,342,200,1878
"284","Serge Ibaka",9,"PF","6-10",235,"September 18, 1989","cg","6","","OKC","$12,350,000",26,78,78,2500,416,869,0.479,60,184,0.326,356,685,0.52,0.513,91,121,0.752,141,392,533,66,38,148,108,211,983
"285","Steven Adams",12,"C","7-0",255,"July 20, 1993","nz","2","University of Pittsburgh","OKC","$2,279,040",22,80,80,2014,261,426,0.613,0,0,NA,261,426,0.613,0.613,114,196,0.582,219,314,533,62,42,89,84,223,636
"286","Alex Stepheson",35,"PF","6-10",270,"August 7, 1987","us","R","University of Southern California","LAC","$61,776",28,4,0,12,1,1,1,0,0,NA,1,1,1,1,0,2,0,1,1,2,0,0,2,0,4,2
"287","Austin Rivers",25,"SG","6-4",200,"August 1, 1992","us","3","Duke University","LAC","$3,100,000",23,67,7,1464,226,516,0.438,62,185,0.335,164,331,0.495,0.498,79,116,0.681,22,108,130,99,48,9,61,137,593
"288","Blake Griffin",32,"PF","6-10",251,"March 16, 1989","us","5","University of Oklahoma","LAC","$18,907,725",26,35,35,1170,301,603,0.499,6,18,0.333,295,585,0.504,0.504,141,194,0.727,51,243,294,170,28,17,83,95,749
"289","Branden Dawson",22,"PF","6-6",225,"February 1, 1993","us","R","Michigan State University","LAC","$525,093",22,6,0,29,2,5,0.4,0,0,NA,2,5,0.4,0.4,1,1,1,2,2,4,0,0,1,0,2,5
"290","Chris Paul",3,"PG","6-0",175,"May 6, 1985","us","10","Wake Forest University","LAC","$21,468,696",30,74,74,2420,515,1114,0.462,122,329,0.371,393,785,0.501,0.517,294,328,0.896,39,271,310,738,152,13,194,185,1446
"291","C.J. Wilcox",30,"SG","6-5",195,"December 30, 1990","us","1","University of Washington","LAC","$1,159,680",25,23,0,167,26,66,0.394,9,23,0.391,17,43,0.395,0.462,9,12,0.75,1,11,12,10,10,2,2,15,70
"292","Cole Aldrich",45,"C","6-11",250,"October 31, 1988","us","5","University of Kansas","LAC","$1,100,600",27,60,5,800,134,225,0.596,0,0,NA,134,225,0.596,0.596,60,84,0.714,86,202,288,50,47,68,64,139,328
"293","DeAndre Jordan",6,"C","6-11",265,"July 21, 1988","us","7","Texas A&M University","LAC","$19,500,000",27,77,77,2598,357,508,0.703,0,1,0,357,507,0.704,0.703,266,619,0.43,267,792,1059,90,51,177,107,207,980
"294","Jamal Crawford",11,"SG","6-5",200,"March 20, 1980","us","15","University of Michigan","LAC","$5,675,000",35,79,5,2126,379,939,0.404,117,344,0.34,262,595,0.44,0.466,245,271,0.904,20,125,145,183,52,12,113,122,1120
"295","Jeff Ayres",19,"C","6-9",240,"April 29, 1987","us","5","Arizona State University","LAC","$317,232",28,17,0,107,12,23,0.522,0,1,0,12,22,0.545,0.522,6,6,1,4,18,22,5,0,3,6,18,30
"296","Jeff Green",8,"SF","6-9",235,"August 28, 1986","us","7","Georgetown University","LAC","$9,200,000",29,27,10,709,114,267,0.427,25,77,0.325,89,190,0.468,0.474,40,65,0.615,19,72,91,40,18,21,24,62,293
"297","J.J. Redick",4,"SG","6-4",190,"June 24, 1984","us","9","Duke University","LAC","$6,867,000",31,75,75,2097,422,880,0.48,200,421,0.475,222,459,0.484,0.593,182,205,0.888,10,129,139,106,42,5,78,135,1226
"298","Luc Mbah a Moute",12,"PF","6-8",230,"September 9, 1986","cm","7","University of California, Los Angeles","LAC","$1,270,964",29,75,61,1274,94,207,0.454,13,40,0.325,81,167,0.485,0.486,30,57,0.526,60,111,171,30,44,19,34,100,231
"299","Pablo Prigioni",9,"PG","6-3",185,"May 17, 1977","ar","3","","LAC","$981,348",38,59,3,823,55,147,0.374,28,95,0.295,27,52,0.519,0.469,7,8,0.875,38,76,114,130,53,1,49,82,145
"300","Paul Pierce",34,"SF","6-7",235,"October 13, 1977","us","17","University of Kansas","LAC","$3,400,000",38,68,38,1231,144,397,0.363,75,242,0.31,69,155,0.445,0.457,54,66,0.818,12,174,186,71,33,17,58,129,417
"301","Wesley Johnson",33,"SF","6-7",215,"July 11, 1987","us","5","Syracuse University","LAC","$1,100,600",28,80,9,1666,208,515,0.404,103,309,0.333,105,206,0.51,0.504,30,46,0.652,37,211,248,49,89,56,54,173,549
"302","Al-Farouq Aminu",8,"SF","6-9",220,"September 21, 1990","us","5","Wake Forest University","POR","$7,500,000",25,82,82,2341,299,719,0.416,126,349,0.361,173,370,0.468,0.503,115,156,0.737,98,401,499,138,72,53,120,171,839
"303","Allen Crabbe",23,"SG","6-6",210,"April 9, 1992","us","2","University of California","POR","$947,276",23,81,8,2105,311,678,0.459,112,285,0.393,199,393,0.506,0.541,98,113,0.867,27,189,216,99,63,16,64,192,832
"304","Brian Roberts",2,"PG","6-1",173,"December 3, 1985","us","3","University of Dayton","POR","$2,854,940",30,21,0,137,23,50,0.46,6,15,0.4,17,35,0.486,0.52,8,10,0.8,2,10,12,16,3,1,7,12,60
"305","Chris Kaman",35,"C","7-0",265,"April 28, 1982","us","12","Central Michigan University","POR","$5,000,000",33,16,2,112,20,43,0.465,1,4,0.25,19,39,0.487,0.477,3,3,1,7,17,24,11,1,1,8,15,44
"306","C.J. McCollum",3,"SG","6-4",200,"September 19, 1991","us","2","Lehigh University","POR","$2,525,160",24,80,80,2780,641,1431,0.448,197,472,0.417,444,959,0.463,0.517,187,226,0.827,47,212,259,341,97,23,196,187,1666
"307","Cliff Alexander",34,"PF","6-8",245,"November 16, 1995","us","R","University of Kansas","POR","$525,093",20,8,0,36,5,10,0.5,0,0,NA,5,10,0.5,0.5,0,0,NA,2,4,6,0,1,2,1,1,10
"308","Damian Lillard",0,"PG","6-3",195,"July 15, 1990","us","3","Weber State University","POR","$4,236,287",25,75,75,2676,618,1474,0.419,229,610,0.375,389,864,0.45,0.497,414,464,0.892,45,257,302,512,65,28,242,165,1879
"309","Ed Davis",17,"PF","6-10",240,"June 5, 1989","us","5","University of North Carolina","POR","$7,000,000",26,81,0,1684,206,337,0.611,0,0,NA,206,337,0.611,0.611,114,204,0.559,224,375,599,88,57,72,64,202,526
"310","Gerald Henderson",9,"SG","6-5",215,"December 9, 1987","us","6","Duke University","POR","$6,000,000",28,72,0,1431,232,529,0.439,48,136,0.353,184,393,0.468,0.484,112,146,0.767,30,181,211,75,39,19,68,87,624
"311","Luis Montero",44,"SG","6-7",185,"April 6, 1993","do","R","Westchester CC","POR","$525,093",22,12,0,42,5,19,0.263,1,9,0.111,4,10,0.4,0.289,3,4,0.75,0,4,4,1,0,0,4,1,14
"312","Mason Plumlee",24,"C","6-11",245,"March 5, 1990","us","2","Duke University","POR","$1,415,520",25,82,82,2084,267,517,0.516,0,4,0,267,513,0.52,0.516,215,335,0.642,201,427,628,226,68,85,154,253,749
"313","Maurice Harkless",4,"SF","6-9",215,"May 11, 1993","us","3","St. John's University","POR","$2,894,059",22,78,14,1457,195,411,0.474,39,140,0.279,156,271,0.576,0.522,69,111,0.622,101,179,280,67,49,35,62,124,498
"314","Meyers Leonard",11,"PF","7-1",245,"February 27, 1992","us","3","University of Illinois at Urbana-Champaign","POR","$3,075,880",23,61,10,1333,195,435,0.448,86,228,0.377,109,207,0.527,0.547,35,46,0.761,51,263,314,92,8,18,77,183,511
"315","Noah Vonleh",21,"PF","6-10",240,"August 24, 1995","us","1","Indiana University","POR","$2,637,720",20,78,56,1174,117,278,0.421,11,46,0.239,106,232,0.457,0.441,38,51,0.745,91,214,305,30,27,26,50,152,283
"316","Pat Connaughton",5,"SG","6-5",206,"January 6, 1993","us","R","University of Notre Dame","POR","$525,093",23,34,0,143,13,49,0.265,5,21,0.238,8,28,0.286,0.316,5,5,1,11,21,32,10,2,0,10,6,36
"317","Tim Frazier",10,"PG","6-1",170,"November 1, 1990","us","1","Pennsylvania State University","POR","$845,059",25,35,1,272,20,60,0.333,3,17,0.176,17,43,0.395,0.358,8,15,0.533,11,28,39,42,10,1,27,31,51
"318","Chandler Parsons",25,"SF","6-10",230,"October 25, 1988","us","4","University of Florida","DAL","$15,361,500",27,61,51,1799,320,651,0.492,104,251,0.414,216,400,0.54,0.571,93,136,0.684,29,256,285,169,46,21,95,114,837
"319","Charlie Villanueva",3,"PF","6-11",232,"August 24, 1984","us","10","University of Connecticut","DAL","$1,499,187",31,62,4,665,125,327,0.382,47,172,0.273,78,155,0.503,0.454,22,24,0.917,24,128,152,24,18,15,31,71,319
"321","Deron Williams",8,"PG","6-3",200,"June 26, 1984","us","10","University of Illinois at Urbana-Champaign","DAL","$5,500,000",31,65,63,2106,321,775,0.414,97,282,0.344,224,493,0.454,0.477,179,206,0.869,19,171,190,378,61,14,150,155,918
"322","Devin Harris",34,"PG","6-3",192,"February 27, 1983","us","11","University of Wisconsin","DAL","$4,053,000",32,64,0,1280,167,374,0.447,52,158,0.329,115,216,0.532,0.516,101,140,0.721,18,120,138,118,60,13,66,124,487
"323","Dirk Nowitzki",41,"PF","7-0",245,"June 19, 1978","de","17","","DAL","$8,333,334",37,75,75,2364,498,1112,0.448,126,342,0.368,372,770,0.483,0.504,250,280,0.893,52,437,489,132,52,52,84,161,1372
"324","Dwight Powell",7,"PF","6-11",240,"July 20, 1991","ca","1","Stanford University","DAL","$845,059",24,69,2,992,146,296,0.493,2,16,0.125,144,280,0.514,0.497,105,142,0.739,84,189,273,44,36,24,40,118,399
"325","JaVale McGee",11,"C","7-0",270,"January 19, 1988","us","7","University of Nevada, Reno","DAL","$1,270,964",28,34,2,370,77,134,0.575,0,1,0,77,133,0.579,0.575,18,36,0.5,53,80,133,3,5,26,21,49,172
"326","Jeremy Evans",21,"SF","6-9",200,"October 24, 1987","us","5","Western Kentucky University","DAL","$1,100,602",28,30,2,251,26,48,0.542,4,16,0.25,22,32,0.688,0.583,15,21,0.714,11,43,54,2,6,9,7,19,71
"327","J.J. Barea",5,"PG","6-0",185,"June 26, 1984","pr","9","Northeastern University","DAL","$4,000,000",31,74,16,1667,317,711,0.446,100,260,0.385,217,451,0.481,0.516,74,96,0.771,26,126,152,302,26,2,113,110,808
"328","Justin Anderson",1,"SF","6-6",228,"November 19, 1993","us","R","University of Virginia","DAL","$1,449,000",22,55,9,647,71,175,0.406,22,83,0.265,49,92,0.533,0.469,44,55,0.8,18,114,132,29,19,25,24,45,208
"329","Raymond Felton",2,"PG","6-1",205,"June 26, 1984","us","10","University of North Carolina","DAL","$3,950,313",31,80,31,2192,277,682,0.406,60,213,0.282,217,469,0.463,0.45,149,176,0.847,36,222,258,284,68,15,121,141,763
"330","Salah Mejri",50,"C","7-1",245,"June 15, 1986","tn","R","","DAL","$525,093",29,34,6,397,49,78,0.628,0,1,0,49,77,0.636,0.628,27,46,0.587,41,82,123,10,8,36,23,54,125
"331","Wesley Matthews",23,"SG","6-5",220,"October 14, 1986","us","6","Marquette University","DAL","$16,400,000",29,78,78,2644,331,854,0.388,189,525,0.36,142,329,0.432,0.498,126,146,0.863,27,211,238,151,78,17,78,179,977
"332","Zaza Pachulia",27,"C","6-11",270,"February 10, 1984","ge","12","","DAL","$5,200,000",31,76,69,2004,219,470,0.466,0,3,0,219,467,0.469,0.466,212,276,0.768,249,469,718,128,64,22,119,181,650
"334","Brandan Wright",34,"PF","6-10",210,"October 5, 1987","us","7","University of North Carolina","MEM","$5,500,000",28,12,2,212,35,52,0.673,0,0,NA,35,52,0.673,0.673,13,24,0.542,14,29,43,6,5,15,10,21,83
"336","Bryce Cotton",8,"PG","6-1",165,"August 11, 1992","us","1","Providence College","MEM","$64,622",23,5,0,6,2,2,1,0,0,NA,2,2,1,1,0,0,NA,0,0,0,0,0,0,0,0,4
"337","Chris Andersen",7,"C","6-10",245,"July 7, 1978","us","13","Blinn College","MEM","$5,000,000",37,20,14,366,34,62,0.548,2,9,0.222,32,53,0.604,0.565,22,32,0.688,33,56,89,9,14,10,7,25,92
"338","Elliot Williams",25,"PG","6-5",190,"June 20, 1989","us","3","University of Memphis","MEM","$55,722",26,5,0,45,2,10,0.2,1,4,0.25,1,6,0.167,0.25,3,4,0.75,1,3,4,4,0,0,1,2,8
"339","James Ennis",8,"SF","6-7",210,"July 1, 1990","us","1","California State University, Long Beach","MEM","$845,059",25,10,0,40,4,13,0.308,2,8,0.25,2,5,0.4,0.385,6,10,0.6,4,3,7,2,4,2,2,1,16
"340","JaMychal Green",0,"PF","6-9",227,"June 21, 1990","us","1","University of Alabama","MEM","$845,059",25,78,15,1446,230,495,0.465,15,45,0.333,215,450,0.478,0.48,103,137,0.752,139,234,373,67,46,33,83,189,578
"341","Jarell Martin",10,"PF","6-10",239,"May 24, 1994","us","R","Louisiana State University","MEM","$1,230,840",21,27,0,380,54,116,0.466,0,2,0,54,114,0.474,0.466,45,62,0.726,39,47,86,15,8,7,19,58,153
"342","Jordan Adams",3,"SG","6-5",209,"July 8, 1994","us","1","University of California, Los Angeles","MEM","$1,404,600",21,2,0,15,2,6,0.333,0,1,0,2,5,0.4,0.333,3,5,0.6,0,2,2,3,3,0,2,2,7
"343","Jordan Farmar",4,"PG","6-2",180,"November 30, 1986","us","8","University of California, Los Angeles","MEM","$191,456",29,12,10,291,42,100,0.42,16,45,0.356,26,55,0.473,0.5,10,10,1,4,21,25,37,15,2,18,22,110
"344","Lance Stephenson",1,"SF","6-5",230,"September 5, 1990","us","5","University of Cincinnati","MEM","$9,000,000",25,26,3,692,146,308,0.474,11,31,0.355,135,277,0.487,0.492,66,81,0.815,21,94,115,73,19,6,46,56,369
"345","Marc Gasol",33,"C","7-1",255,"January 29, 1985","es","7","","MEM","$19,700,000",31,52,52,1791,328,707,0.464,2,3,0.667,326,704,0.463,0.465,203,245,0.829,58,304,362,196,50,70,118,141,861
"346","Mario Chalmers",6,"PG","6-2",190,"May 19, 1986","us","7","University of Kansas","MEM","$4,300,000",29,55,7,1253,172,412,0.417,45,138,0.326,127,274,0.464,0.472,206,249,0.827,23,120,143,211,80,12,101,165,595
"347","Matt Barnes",22,"SF","6-7",226,"March 9, 1980","us","12","University of California, Los Angeles","MEM","$3,542,500",35,76,45,2190,264,693,0.381,119,370,0.322,145,323,0.449,0.467,111,138,0.804,84,336,420,163,78,57,121,234,758
"348","Mike Conley",11,"PG","6-1",175,"October 11, 1987","us","8","Ohio State University","MEM","$9,588,426",28,56,56,1761,294,696,0.422,78,215,0.363,216,481,0.449,0.478,191,229,0.834,26,138,164,342,67,16,84,100,857
"349","P.J. Hairston",19,"SF","6-6",230,"December 24, 1992","us","1","University of North Carolina","MEM","$1,201,440",23,18,9,375,46,132,0.348,16,69,0.232,30,63,0.476,0.409,16,22,0.727,7,39,46,9,8,4,17,31,124
"351","Russ Smith",2,"PG","6-0",165,"April 19, 1991","us","1","University of Louisville","MEM","$816,482",24,15,0,66,7,22,0.318,1,5,0.2,6,17,0.353,0.341,8,13,0.615,1,8,9,11,5,1,7,5,23
"353","Tony Allen",9,"SG","6-4",213,"January 11, 1982","us","11","Oklahoma State University","MEM","$5,168,539",34,64,57,1620,215,469,0.458,15,42,0.357,200,427,0.468,0.474,90,138,0.652,104,192,296,70,110,18,78,175,535
"354","Vince Carter",15,"SG","6-6",220,"January 26, 1977","us","17","University of North Carolina","MEM","$4,088,091",39,60,3,1005,133,343,0.388,59,169,0.349,74,174,0.425,0.474,70,84,0.833,31,115,146,56,38,16,35,101,395
"355","Xavier Munford",14,"SG","6-2",180,"June 1, 1992","us","R","University of Rhode Island","MEM","$89,588",23,14,0,244,32,77,0.416,9,23,0.391,23,54,0.426,0.474,7,14,0.5,3,28,31,22,13,3,15,25,80
"356","Zach Randolph",50,"PF","6-9",260,"July 16, 1981","us","14","Michigan State University","MEM","$9,638,555",34,68,53,2016,431,907,0.475,6,26,0.231,425,881,0.482,0.479,172,216,0.796,179,350,529,142,43,13,105,146,1040
"357","Andrew Goudelock",0,"PG","6-3",200,"December 7, 1988","us","2","College of Charleston","HOU","$200,600",27,8,0,50,9,20,0.45,1,9,0.111,8,11,0.727,0.475,3,4,0.75,1,1,2,4,6,2,7,4,22
"358","Chuck Hayes",44,"C","6-6",240,"June 11, 1983","us","10","University of Kentucky","HOU","$83,583",32,2,0,24,1,2,0.5,0,0,NA,1,2,0.5,0.5,2,2,1,0,8,8,2,0,0,3,6,4
"359","Clint Capela",15,"C","6-10",240,"May 18, 1994","ch","1","","HOU","$1,242,720",21,77,35,1471,231,397,0.582,0,1,0,231,396,0.583,0.582,80,211,0.379,194,300,494,47,59,92,60,190,542
"360","Corey Brewer",33,"SF","6-9",186,"March 5, 1986","us","8","University of Florida","HOU","$8,200,000",29,82,12,1669,212,552,0.384,61,224,0.272,151,328,0.46,0.439,105,140,0.75,42,157,199,109,84,19,78,168,590
"361","Donatas Motiejunas",20,"PF","7-0",222,"September 20, 1990","lt","3","","HOU","$2,288,205",25,37,22,547,90,205,0.439,16,57,0.281,74,148,0.5,0.478,34,53,0.642,37,72,109,41,17,5,44,69,230
"362","Dwight Howard",12,"C","6-11",265,"December 8, 1985","us","11","","HOU","$22,359,364",30,71,71,2280,372,600,0.62,0,6,0,372,594,0.626,0.62,232,474,0.489,238,597,835,98,69,113,166,219,976
"363","James Harden",13,"SG","6-5",220,"August 26, 1989","us","6","Arizona State University","HOU","$15,756,438",26,82,82,3125,710,1617,0.439,236,657,0.359,474,960,0.494,0.512,720,837,0.86,63,438,501,612,139,51,374,229,2376
"364","Jason Terry",31,"SG","6-2",185,"September 15, 1977","us","16","University of Arizona","HOU","$1,499,187",38,72,7,1258,151,376,0.402,93,261,0.356,58,115,0.504,0.525,27,33,0.818,14,65,79,103,47,9,49,91,422
"365","Josh Smith",5,"PF","6-9",225,"December 5, 1985","us","11","","HOU","$1,499,000",30,23,6,421,58,169,0.343,23,85,0.271,35,84,0.417,0.411,12,25,0.48,18,49,67,48,16,13,36,56,151
"366","K.J. McDaniels",32,"SF","6-6",205,"February 9, 1993","us","1","Clemson University","HOU","$3,333,333",22,37,1,235,29,72,0.403,7,25,0.28,22,47,0.468,0.451,24,30,0.8,16,26,42,10,7,6,17,30,89
"368","Michael Beasley",8,"SF","6-9",235,"January 9, 1989","us","7","Kansas State University","HOU","$306,527",27,20,0,363,107,205,0.522,3,9,0.333,104,196,0.531,0.529,38,49,0.776,29,69,98,16,11,9,24,39,255
"369","Montrezl Harrell",35,"PF","6-8",240,"January 26, 1994","us","R","University of Louisville","HOU","$1,000,000",22,39,1,379,58,90,0.644,0,1,0,58,89,0.652,0.644,24,46,0.522,25,40,65,17,11,11,17,48,140
"370","Patrick Beverley",2,"PG","6-1",185,"July 12, 1988","us","3","University of Arkansas","HOU","$6,500,000",27,71,63,2041,258,594,0.434,124,310,0.4,134,284,0.472,0.539,60,88,0.682,73,177,250,239,94,26,91,234,700
"371","Sam Dekker",7,"SF","6-9",230,"May 6, 1994","us","R","University of Wisconsin","HOU","$1,646,400",21,3,0,6,0,0,NA,0,0,NA,0,0,NA,NA,0,0,NA,0,1,1,0,1,0,0,0,0
"372","Terrence Jones",6,"PF","6-9",252,"January 9, 1992","us","3","University of Kentucky","HOU","$2,489,530",24,50,11,1044,166,367,0.452,25,79,0.316,141,288,0.49,0.486,77,116,0.664,62,149,211,41,23,39,49,86,434
"373","Trevor Ariza",1,"SF","6-8",215,"June 30, 1985","us","11","University of California, Los Angeles","HOU","$8,193,030",30,81,81,2859,357,859,0.416,185,499,0.371,172,360,0.478,0.523,126,161,0.783,67,299,366,188,160,26,113,177,1025
"375","Alec Burks",10,"SG","6-6",214,"July 20, 1991","us","4","University of Colorado","UTA","$9,213,484",24,31,3,797,137,334,0.41,32,79,0.405,105,255,0.412,0.458,106,141,0.752,16,93,109,63,18,4,51,71,412
"376","Chris Johnson",23,"SF","6-6",206,"April 29, 1990","us","3","University of Dayton","UTA","$981,348",25,70,2,857,72,194,0.371,27,99,0.273,45,95,0.474,0.441,34,42,0.81,27,105,132,45,32,20,40,100,205
"377","Derrick Favors",15,"PF","6-10",265,"July 15, 1991","us","5","Georgia Institute of Technology","UTA","$11,933,333",24,62,59,1983,418,811,0.515,0,4,0,418,807,0.518,0.515,180,254,0.709,169,334,503,94,74,91,104,150,1016
"378","Elijah Millsap",13,"SG","6-6",225,"August 12, 1987","us","1","University of Alabama at Birmingham","UTA","$362,878",28,20,0,173,11,39,0.282,1,12,0.083,10,27,0.37,0.295,13,18,0.722,6,29,35,19,7,3,9,33,36
"379","Erick Green",18,"PG","6-4",185,"May 9, 1991","us","1","Virginia Polytechnic Institute and State University","UTA","$99,418",24,6,0,35,5,12,0.417,1,4,0.25,4,8,0.5,0.458,2,2,1,3,2,5,2,1,0,0,4,13
"380","Gordon Hayward",20,"SF","6-8",226,"March 23, 1990","us","5","Butler University","UTA","$15,409,570",25,80,80,2893,521,1202,0.433,143,410,0.349,378,792,0.477,0.493,393,477,0.824,61,336,397,296,95,27,202,183,1578
"381","Jeff Withey",24,"C","7-0",231,"March 7, 1990","us","2","University of Kansas","UTA","$947,276",25,51,10,658,87,162,0.537,0,2,0,87,160,0.544,0.537,43,59,0.729,56,117,173,20,21,53,28,75,217
"382","J.J. O'Brien",22,"SF","6-7",228,"April 8, 1992","us","R","San Diego State University","UTA","$105,888",23,2,0,6,0,1,0,0,0,NA,0,1,0,0,0,0,NA,0,1,1,0,1,0,0,1,0
"383","Joe Ingles",2,"SF","6-8",226,"October 2, 1987","au","1","","UTA","$2,250,000",28,81,2,1241,124,291,0.426,81,210,0.386,43,81,0.531,0.565,13,18,0.722,19,132,151,96,55,4,65,98,342
"384","Raul Neto",25,"PG","6-1",179,"May 19, 1992","br","R","","UTA","$1,000,000",23,81,53,1499,180,418,0.431,64,162,0.395,116,256,0.453,0.507,52,70,0.743,17,103,120,174,62,2,109,122,476
"385","Rodney Hood",5,"SG","6-8",206,"October 20, 1992","us","1","Duke University","UTA","$1,348,440",23,79,79,2541,408,972,0.42,161,449,0.359,247,523,0.472,0.503,172,200,0.86,38,229,267,213,73,16,125,202,1149
"386","Rudy Gobert",27,"C","7-1",245,"June 26, 1992","fr","2","","UTA","$1,175,880",23,61,60,1932,198,354,0.559,0,0,NA,198,354,0.559,0.559,161,283,0.569,208,460,668,91,45,135,114,163,557
"387","Shelvin Mack",8,"PG","6-3",203,"April 22, 1990","us","4","Butler University","UTA","$2,433,333",25,28,27,879,142,320,0.444,35,98,0.357,107,222,0.482,0.498,36,49,0.735,11,95,106,149,26,3,81,65,355
"388","Tibor Pleiss",21,"C","7-3",256,"November 2, 1989","de","R","","UTA","$3,000,000",26,12,0,82,11,25,0.44,0,2,0,11,23,0.478,0.44,2,2,1,6,9,15,2,1,2,8,19,24
"389","Trevor Booker",33,"PF","6-8",228,"November 25, 1987","us","5","Clemson University","UTA","$4,775,000",28,79,2,1632,190,388,0.49,12,41,0.293,178,347,0.513,0.505,71,106,0.67,166,286,452,84,59,41,81,169,463
"390","Trey Burke",3,"PG","6-1",191,"November 12, 1992","us","2","University of Michigan","UTA","$2,658,240",23,64,0,1366,262,634,0.413,88,256,0.344,174,378,0.46,0.483,67,82,0.817,18,94,112,148,35,6,80,86,679
"391","Trey Lyles",41,"PF","6-10",234,"November 5, 1995","ca","R","University of Kentucky","UTA","$2,239,800",20,80,33,1382,191,436,0.438,49,128,0.383,142,308,0.461,0.494,57,82,0.695,59,240,299,59,26,18,65,114,488
"392","Ben McLemore",23,"SG","6-5",195,"February 11, 1993","us","2","University of Kansas","SAC","$3,156,600",22,68,53,1443,195,455,0.429,67,185,0.362,128,270,0.474,0.502,74,103,0.718,34,114,148,79,52,10,99,140,531
"393","Caron Butler",31,"SF","6-7",228,"March 13, 1980","us","13","University of Connecticut","SAC","$1,499,187",35,17,1,176,25,59,0.424,3,18,0.167,22,41,0.537,0.449,10,12,0.833,5,17,22,10,9,1,3,19,63
"394","Darren Collison",7,"PG","6-0",175,"August 23, 1987","us","6","University of California, Los Angeles","SAC","$5,013,559",28,74,15,2219,377,776,0.486,87,217,0.401,290,559,0.519,0.542,194,226,0.858,28,141,169,318,76,4,130,142,1035
"395","DeMarcus Cousins",15,"C","6-11",270,"August 13, 1990","us","5","University of Kentucky","SAC","$14,728,844",25,65,65,2246,601,1332,0.451,70,210,0.333,531,1122,0.473,0.477,476,663,0.718,158,589,747,214,101,92,249,236,1748
"396","Duje Dukan",26,"SF","6-9",220,"December 4, 1991","hr","R","University of Wisconsin","SAC","$525,093",24,1,0,24,2,10,0.2,2,5,0.4,0,5,0,0.3,0,0,NA,2,2,4,1,1,0,0,2,6
"397","Eric Moreland",25,"PF","6-10",238,"December 24, 1991","us","1","Oregon State University","SAC","$845,059",24,8,0,48,3,6,0.5,0,0,NA,3,6,0.5,0.5,2,4,0.5,3,8,11,1,0,4,3,4,8
"398","James Anderson",5,"SG","6-6",213,"March 25, 1989","us","4","Oklahoma State University","SAC","$1,015,421",26,51,15,721,67,178,0.376,23,86,0.267,44,92,0.478,0.441,22,29,0.759,13,73,86,41,21,14,42,54,179
"399","Kosta Koufos",41,"C","7-0",265,"February 24, 1989","us","7","Ohio State University","SAC","$7,500,000",26,78,14,1482,236,444,0.532,0,0,NA,236,444,0.532,0.532,57,104,0.548,169,254,423,33,40,70,48,185,529
"400","Marco Belinelli",3,"SG","6-5",210,"March 25, 1986","it","8","","SAC","$6,333,333",29,68,7,1672,245,635,0.386,91,297,0.306,154,338,0.456,0.457,115,138,0.833,10,107,117,127,37,2,80,91,696
"401","Omri Casspi",18,"SF","6-9",225,"June 22, 1988","il","6","","SAC","$3,000,000",27,69,21,1880,299,622,0.481,112,274,0.409,187,348,0.537,0.571,103,159,0.648,58,352,410,95,56,17,94,154,813
"402","Quincy Acy",13,"PF","6-7",240,"October 6, 1990","us","3","Baylor University","SAC","$981,348",25,59,29,876,119,214,0.556,19,49,0.388,100,165,0.606,0.6,50,68,0.735,65,123,188,27,29,24,27,103,307
"403","Rajon Rondo",9,"PG","6-1",186,"February 22, 1986","us","9","University of Kentucky","SAC","$9,500,000",29,72,72,2537,355,782,0.454,62,170,0.365,293,612,0.479,0.494,87,150,0.58,77,358,435,839,141,10,278,175,859
"404","Rudy Gay",8,"SF","6-8",230,"August 17, 1986","us","9","University of Connecticut","SAC","$12,403,101",29,70,70,2379,466,1007,0.463,74,215,0.344,392,792,0.495,0.5,198,254,0.78,103,353,456,120,100,51,139,184,1204
"405","Seth Curry",30,"PG","6-2",185,"August 23, 1990","us","2","Duke University","SAC","$947,276",25,44,9,692,102,224,0.455,50,111,0.45,52,113,0.46,0.567,45,54,0.833,9,51,60,67,22,3,36,41,299
"406","Willie Cauley-Stein",0,"C","7-0",240,"August 18, 1993","us","R","University of Kentucky","SAC","$3,398,280",22,66,39,1412,191,339,0.563,0,2,0,191,337,0.567,0.563,81,125,0.648,134,218,352,37,48,66,46,146,463
"407","Axel Toupane",6,"SF","6-7",197,"July 23, 1992","fr","R","","DEN","$123,552",23,21,0,305,25,70,0.357,13,40,0.325,12,30,0.4,0.45,13,17,0.765,8,23,31,15,7,6,6,40,76
"408","Danilo Gallinari",8,"SF","6-10",225,"August 8, 1988","it","6","","DEN","$14,000,000",27,53,53,1839,287,700,0.41,87,239,0.364,200,461,0.434,0.472,375,432,0.868,52,229,281,135,42,19,77,87,1036
"409","Darrell Arthur",0,"PF","6-9",235,"March 25, 1988","us","6","University of Kansas","DEN","$2,814,000",27,70,16,1516,221,489,0.452,45,117,0.385,176,372,0.473,0.498,40,53,0.755,86,207,293,96,53,48,66,185,527
"410","D.J. Augustin",12,"PG","6-0",183,"November 10, 1987","us","7","University of Texas at Austin","DEN","$3,000,000",28,28,0,659,102,229,0.445,44,107,0.411,58,122,0.475,0.541,77,94,0.819,3,49,52,132,25,2,54,44,325
"411","Emmanuel Mudiay",0,"PG","6-5",200,"March 5, 1996","cd","R","","DEN","$3,102,240",19,68,66,2068,329,905,0.364,74,232,0.319,255,673,0.379,0.404,140,209,0.67,32,200,232,372,65,35,217,141,872
"413","Gary Harris",14,"SG","6-4",210,"September 14, 1994","us","1","Michigan State University","DEN","$1,587,480",21,76,76,2439,359,765,0.469,105,297,0.354,254,468,0.543,0.538,109,133,0.82,54,166,220,147,97,18,98,143,932
"415","Jameer Nelson",1,"PG","6-0",190,"February 9, 1982","us","11","Saint Joseph's University","DEN","$4,500,000",33,39,15,1036,113,307,0.368,43,144,0.299,70,163,0.429,0.438,30,35,0.857,19,96,115,190,25,5,66,100,299
"417","Joffrey Lauvergne",77,"C","6-11",220,"September 30, 1991","fr","1","","DEN","$1,709,720",24,59,15,1041,195,380,0.513,13,53,0.245,182,327,0.557,0.53,62,69,0.899,77,213,290,56,13,15,54,115,465
"418","Jusuf Nurkic",23,"C","7-0",280,"August 23, 1994","ba","1","","DEN","$1,842,000",21,32,3,547,101,242,0.417,0,3,0,101,239,0.423,0.417,61,99,0.616,65,110,175,40,24,44,55,91,263
"419","Kenneth Faried",35,"PF","6-8",228,"November 19, 1989","us","4","Morehead State University","DEN","$11,235,955",26,67,64,1694,349,626,0.558,1,2,0.5,348,624,0.558,0.558,136,222,0.613,235,346,581,79,32,60,91,169,835
"420","Kostas Papanikolaou",16,"SF","6-8",225,"July 31, 1990","gr","1","","DEN","$350,000",25,26,6,294,24,66,0.364,10,32,0.313,14,34,0.412,0.439,9,14,0.643,8,32,40,16,13,5,21,24,67
"421","Mike Miller",3,"SF","6-8",218,"February 19, 1980","us","15","University of Florida","DEN","$1,499,187",35,47,2,373,22,62,0.355,19,52,0.365,3,10,0.3,0.508,0,0,NA,6,47,53,40,13,4,17,53,63
"422","Nikola Jokic",15,"C","6-10",250,"February 19, 1995","rs","R","","DEN","$1,300,000",20,80,55,1733,307,600,0.512,28,84,0.333,279,516,0.541,0.535,154,190,0.811,181,379,560,189,79,50,104,208,796
"424","Will Barton",5,"SG","6-6",175,"January 6, 1991","us","3","University of Memphis","DEN","$3,333,333",25,82,1,2353,425,983,0.432,112,325,0.345,313,658,0.476,0.489,216,268,0.806,59,417,476,203,71,39,139,147,1178
"425","Alexis Ajinca",42,"C","7-2",248,"May 6, 1988","fr","5","","NOP","$4,300,000",27,59,17,861,150,315,0.476,0,1,0,150,314,0.478,0.476,52,62,0.839,75,194,269,31,19,36,54,134,352
"426","Alonzo Gee",15,"SF","6-6",225,"May 29, 1987","us","6","University of Alabama","NOP","$1,375,000",28,73,38,1632,132,255,0.518,17,60,0.283,115,195,0.59,0.551,44,66,0.667,60,185,245,72,63,13,55,169,325
"427","Anthony Davis",23,"PF","6-10",253,"March 11, 1993","us","3","University of Kentucky","NOP","$7,070,730",22,61,61,2164,560,1136,0.493,35,108,0.324,525,1028,0.511,0.508,326,430,0.758,130,497,627,116,78,125,121,148,1481
"428","Bryce Dejean-Jones",31,"SG","6-6",209,"August 21, 1992","us","R","Iowa State University","NOP","$281,659",23,14,11,279,28,69,0.406,12,32,0.375,16,37,0.432,0.493,11,21,0.524,8,40,48,15,10,2,11,17,79
"429","Dante Cunningham",44,"SF","6-8",230,"April 22, 1987","us","6","Villanova University","NOP","$3,000,000",28,80,46,1971,186,412,0.451,55,174,0.316,131,238,0.55,0.518,57,82,0.695,57,179,236,77,42,33,41,173,484
"430","Eric Gordon",10,"SG","6-4",215,"December 25, 1988","us","7","Indiana University","NOP","$15,514,031",27,45,44,1481,231,552,0.418,113,294,0.384,118,258,0.457,0.521,111,125,0.888,10,89,99,121,43,14,73,98,686
"433","Jordan Hamilton",25,"SF","6-7",220,"October 6, 1990","us","4","University of Texas at Austin","NOP","$119,462",25,11,4,304,49,116,0.422,13,45,0.289,36,71,0.507,0.478,14,21,0.667,12,50,62,25,8,3,17,24,125
"434","Jrue Holiday",11,"PG","6-4",205,"June 12, 1990","us","6","University of California, Los Angeles","NOP","$10,595,507",25,65,23,1831,410,935,0.439,87,259,0.336,323,676,0.478,0.485,182,216,0.843,27,168,195,391,88,22,167,148,1089
"435","Kendrick Perkins",5,"C","6-10",270,"November 10, 1984","us","12","","NOP","$1,499,200",31,37,5,542,40,75,0.533,0,0,NA,40,75,0.533,0.533,11,25,0.44,25,103,128,31,11,11,41,64,91
"436","Luke Babbitt",8,"SF","6-9",225,"June 20, 1989","us","5","University of Nevada, Reno","NOP","$1,100,000",26,47,13,845,122,289,0.422,44,109,0.404,78,180,0.433,0.498,39,50,0.78,25,123,148,53,11,7,23,90,327
"437","Nate Robinson",2,"PG","5-9",180,"May 31, 1984","us","10","University of Washington","NOP","$44,000",31,2,1,23,0,1,0,0,1,0,0,0,NA,0,0,0,NA,0,0,0,4,1,0,0,5,0
"438","Norris Cole",30,"PG","6-2",175,"October 13, 1988","us","4","Cleveland State University","NOP","$3,036,927",27,45,23,1198,196,484,0.405,33,102,0.324,163,382,0.427,0.439,52,65,0.8,10,141,151,167,37,5,75,102,477
"439","Omer Asik",3,"C","7-0",255,"July 4, 1986","tr","5","","NOP","$11,000,000",29,68,64,1178,104,195,0.533,0,0,NA,104,195,0.533,0.533,61,112,0.545,120,294,414,26,21,23,60,124,269
"440","Orlando Johnson",0,"SG","6-5",220,"March 11, 1989","us","2","University of California, Santa Barbara","NOP","$55,722",26,5,1,54,4,17,0.235,1,5,0.2,3,12,0.25,0.265,1,2,0.5,1,5,6,2,1,0,3,4,10
"441","Ryan Anderson",33,"PF","6-10",240,"May 6, 1988","us","7","University of California","NOP","$8,500,000",27,66,7,2008,397,929,0.427,131,358,0.366,266,571,0.466,0.498,199,228,0.873,131,265,396,73,38,25,90,109,1124
"443","Toney Douglas",16,"PG","6-2",195,"March 16, 1986","us","6","Florida State University","NOP","$1,164,858",29,61,18,1262,183,445,0.411,81,203,0.399,102,242,0.421,0.502,84,99,0.848,25,118,143,157,70,5,64,131,531
"444","Tyreke Evans",1,"SG","6-6",220,"September 19, 1989","us","6","University of Memphis","NOP","$11,227,000",26,25,25,765,136,314,0.433,33,85,0.388,103,229,0.45,0.486,74,93,0.796,20,109,129,164,32,8,73,66,379
"445","Adreian Payne",33,"PF","6-10",237,"February 19, 1991","us","1","Michigan State University","MIN","$1,938,840",24,52,2,486,53,145,0.366,9,32,0.281,44,113,0.389,0.397,17,26,0.654,20,91,111,29,16,11,36,77,132
"447","Andrew Wiggins",22,"SF","6-8",199,"February 23, 1995","ca","1","University of Kansas","MIN","$5,758,680",20,81,81,2845,594,1294,0.459,57,190,0.3,537,1104,0.486,0.481,430,565,0.761,106,186,292,164,78,46,182,165,1675
"448","Damjan Rudez",10,"SF","6-10",228,"June 17, 1986","hr","1","","MIN","$1,149,500",29,33,0,277,25,62,0.403,17,50,0.34,8,12,0.667,0.54,8,8,1,5,15,20,11,3,1,13,33,75
"449","Gorgui Dieng",5,"C","6-11",241,"January 18, 1990","sn","2","University of Louisville","MIN","$1,474,440",26,82,39,2220,308,579,0.532,6,20,0.3,302,559,0.54,0.537,205,248,0.827,157,428,585,143,94,96,140,219,827
"450","Greg Smith",4,"PF","6-10",250,"January 8, 1991","us","4","California State University, Fresno","MIN","$247,623",25,18,0,192,18,32,0.563,0,0,NA,18,32,0.563,0.563,7,17,0.412,12,30,42,6,4,1,7,28,43
"451","Karl-Anthony Towns",32,"C","7-0",244,"November 15, 1995","us","R","University of Kentucky","MIN","$5,703,600",20,82,82,2627,625,1153,0.542,30,88,0.341,595,1065,0.559,0.555,223,275,0.811,228,629,857,161,58,138,183,245,1503
"452","Kevin Garnett",21,"PF","6-11",240,"May 19, 1976","us","20","","MIN","$8,500,000",39,38,38,556,54,115,0.47,0,1,0,54,114,0.474,0.47,14,21,0.667,15,135,150,62,28,10,16,70,122
"454","Nemanja Bjelica",88,"PF","6-10",240,"May 9, 1988","rs","R","","MIN","$4,000,000",27,60,0,1075,110,235,0.468,48,125,0.384,62,110,0.564,0.57,40,55,0.727,49,161,210,83,26,21,47,154,308
"455","Nikola Pekovic",14,"C","6-11",307,"January 3, 1986","me","5","","MIN","$12,100,000",30,12,3,156,19,50,0.38,0,0,NA,19,50,0.38,0.38,16,20,0.8,7,14,21,11,1,0,9,22,54
"456","Ricky Rubio",9,"PG","6-4",194,"October 21, 1990","es","4","","MIN","$12,365,000",25,76,76,2323,219,586,0.374,62,190,0.326,157,396,0.396,0.427,266,314,0.847,40,286,326,658,162,10,193,201,766
"457","Shabazz Muhammad",15,"SF","6-6",223,"November 13, 1992","us","2","University of California, Los Angeles","MIN","$2,056,920",23,82,0,1682,317,681,0.465,44,152,0.289,273,529,0.516,0.498,185,242,0.764,100,167,267,52,24,7,70,94,863
"458","Tayshaun Prince",12,"SF","6-9",212,"February 28, 1980","us","13","University of Kentucky","MIN","$1,499,187",35,77,44,1462,102,229,0.445,4,23,0.174,98,206,0.476,0.454,13,19,0.684,32,115,147,73,36,13,27,62,221
"459","Tyus Jones",1,"PG","6-2",195,"May 10, 1996","us","R","Duke University","MIN","$1,282,080",19,37,0,573,56,156,0.359,16,53,0.302,40,103,0.388,0.41,28,39,0.718,7,40,47,108,31,3,33,33,156
"460","Zach LaVine",8,"SG","6-5",189,"March 10, 1995","us","1","University of California, Los Angeles","MIN","$2,148,360",20,82,33,2294,433,959,0.452,123,316,0.389,310,643,0.482,0.516,161,203,0.793,27,201,228,251,69,17,155,193,1150
"461","Alan Williams",15,"PF","6-8",260,"January 28, 1993","us","R","University of California, Santa Barbara","PHO","$114,285",23,10,0,68,10,24,0.417,0,0,NA,10,24,0.417,0.417,9,14,0.643,14,24,38,5,4,5,6,15,29
"462","Alex Len",21,"C","7-1",260,"June 16, 1993","ua","2","University of Maryland","PHO","$3,807,120",22,78,46,1821,264,624,0.423,1,7,0.143,263,617,0.426,0.424,174,239,0.728,178,416,594,97,38,62,145,230,703
"463","Archie Goodwin",20,"PG","6-5",200,"August 17, 1994","us","2","University of Kentucky","PHO","$1,160,160",21,57,13,1114,176,422,0.417,23,99,0.232,153,323,0.474,0.444,130,193,0.674,27,115,142,118,27,13,100,84,505
"464","Brandon Knight",3,"SG","6-3",189,"December 2, 1991","us","4","University of Kentucky","PHO","$12,000,000",24,52,50,1870,371,895,0.415,120,351,0.342,251,544,0.461,0.482,156,183,0.852,36,166,202,263,61,20,177,124,1018
"467","Cory Jefferson",55,"PF","6-9",218,"December 26, 1990","us","1","Baylor University","PHO","$421,449",25,8,0,50,9,22,0.409,0,1,0,9,21,0.429,0.409,4,6,0.667,6,10,16,0,0,1,0,8,22
"468","Devin Booker",1,"SG","6-6",206,"October 30, 1996","us","R","University of Kentucky","PHO","$2,127,840",19,76,51,2108,367,867,0.423,99,289,0.343,268,578,0.464,0.48,215,256,0.84,27,160,187,200,44,20,160,225,1048
"469","Eric Bledsoe",2,"PG","6-1",190,"December 9, 1989","us","5","University of Kentucky","PHO","$13,086,957",26,31,31,1059,223,492,0.453,48,129,0.372,175,363,0.482,0.502,138,172,0.802,18,107,125,190,63,19,110,75,632
"470","John Jenkins",23,"SG","6-4",215,"March 6, 1991","us","3","Vanderbilt University","PHO","$981,000",24,22,2,287,42,90,0.467,13,32,0.406,29,58,0.5,0.539,12,15,0.8,4,31,35,26,5,1,16,11,109
"471","Jon Leuer",30,"PF","6-10",228,"May 14, 1989","us","4","University of Wisconsin","PHO","$1,035,000",26,67,27,1255,224,466,0.481,42,110,0.382,182,356,0.511,0.526,77,101,0.762,76,297,373,72,38,30,75,125,567
"474","Lorenzo Brown",41,"PG","6-5",189,"August 26, 1990","us","2","North Carolina State University","PHO","$111,444",25,8,0,61,8,25,0.32,1,8,0.125,7,17,0.412,0.34,3,4,0.75,0,7,7,11,3,1,9,4,20
"475","Mirza Teletovic",35,"PF","6-9",242,"September 18, 1985","ba","3","","PHO","$5,500,000",30,79,1,1686,332,777,0.427,181,460,0.393,151,317,0.476,0.544,120,155,0.774,55,247,302,89,32,21,84,159,965
"478","P.J. Tucker",17,"SF","6-6",245,"May 5, 1985","us","4","University of Texas at Austin","PHO","$5,500,000",30,82,80,2540,239,582,0.411,68,206,0.33,171,376,0.455,0.469,106,142,0.746,165,347,512,177,106,20,111,202,652
"479","Ronnie Price",14,"PG","6-2",190,"June 21, 1983","us","10","Utah Valley State College","PHO","$1,499,187",32,62,18,1211,116,302,0.384,68,196,0.347,48,106,0.453,0.497,31,41,0.756,25,74,99,147,74,13,70,161,331
"480","T.J. Warren",12,"SF","6-8",230,"September 5, 1993","us","1","North Carolina State University","PHO","$2,041,080",22,47,4,1070,221,441,0.501,28,70,0.4,193,371,0.52,0.533,45,64,0.703,57,90,147,44,37,16,32,94,515
"481","Tyson Chandler",4,"C","7-1",240,"October 2, 1982","us","14","","PHO","$13,000,000",33,66,60,1618,183,314,0.583,0,1,0,183,313,0.585,0.583,106,171,0.62,175,401,576,64,36,44,93,145,472
"482","Anthony Brown",3,"SF","6-7",210,"October 10, 1992","us","R","Stanford University","LAL","$700,000",23,29,11,599,39,126,0.31,20,70,0.286,19,56,0.339,0.389,17,20,0.85,9,61,70,19,14,5,15,34,115
"483","Brandon Bass",2,"PF","6-8",250,"April 30, 1985","us","10","Louisiana State University","LAL","$3,000,000",30,66,0,1342,174,317,0.549,0,2,0,174,315,0.552,0.549,125,148,0.845,104,181,285,74,33,55,42,125,473
"484","D'Angelo Russell",1,"PG","6-5",195,"February 23, 1996","us","R","Ohio State University","LAL","$5,103,120",19,80,48,2259,392,956,0.41,130,370,0.351,262,586,0.447,0.478,140,190,0.737,47,227,274,266,93,13,196,142,1054
"485","Jordan Clarkson",6,"SG","6-5",194,"June 7, 1992","us","1","University of Missouri","LAL","$845,059",23,79,79,2552,475,1098,0.433,111,320,0.347,364,778,0.468,0.483,164,204,0.804,93,220,313,192,88,7,135,168,1225
"486","Julius Randle",30,"PF","6-9",250,"November 29, 1994","us","1","University of Kentucky","LAL","$3,132,240",21,81,60,2286,358,835,0.429,10,36,0.278,348,799,0.436,0.435,193,270,0.715,172,657,829,144,53,29,149,242,919
"487","Kobe Bryant",24,"SF","6-6",212,"August 23, 1978","us","19","","LAL","$25,000,000",37,66,66,1863,398,1113,0.358,133,467,0.285,265,646,0.41,0.417,232,281,0.826,41,206,247,184,62,13,129,115,1161
"488","Larry Nance Jr.",7,"PF","6-9",230,"January 1, 1993","us","R","University of Wyoming","LAL","$1,155,600",23,63,22,1266,158,300,0.527,1,10,0.1,157,290,0.541,0.528,32,47,0.681,101,211,312,44,54,23,41,124,349
"489","Lou Williams",23,"SG","6-1",175,"October 27, 1986","us","10","","LAL","$7,000,000",29,67,35,1907,283,693,0.408,110,320,0.344,173,373,0.464,0.488,352,424,0.83,31,138,169,167,62,19,107,107,1028
"490","Marcelo Huertas",9,"PG","6-3",200,"May 25, 1983","br","R","","LAL","$525,093",32,53,0,869,97,230,0.422,16,61,0.262,81,169,0.479,0.457,27,29,0.931,18,72,90,182,26,7,80,76,237
"491","Metta World Peace",37,"SF","6-6",260,"November 13, 1979","us","15","St. John's University","LAL","$1,499,187",36,35,5,590,55,177,0.311,26,84,0.31,29,93,0.312,0.384,40,57,0.702,19,70,89,27,22,11,15,67,176
"492","Nick Young",0,"SG","6-7",210,"June 1, 1985","us","8","University of Southern California","LAL","$5,219,169",30,54,2,1033,126,372,0.339,77,237,0.325,49,135,0.363,0.442,63,76,0.829,14,83,97,34,23,7,30,50,392
"493","Robert Sacre",50,"C","7-0",270,"June 6, 1989","us","3","Gonzaga University","LAL","$981,348",26,25,1,320,31,75,0.413,0,0,NA,31,75,0.413,0.413,25,38,0.658,32,40,72,14,4,10,12,43,87
"494","Roy Hibbert",17,"C","7-2",270,"December 11, 1986","us","7","Georgetown University","LAL","$15,500,000",29,81,81,1878,182,411,0.443,0,2,0,182,409,0.445,0.443,117,145,0.807,132,266,398,95,32,110,76,252,481
"495","Ryan Kelly",4,"PF","6-11",230,"April 9, 1991","us","2","Duke University","LAL","$1,724,250",24,36,0,470,55,149,0.369,5,37,0.135,50,112,0.446,0.386,37,54,0.685,21,100,121,20,13,10,18,39,152
"496","Tarik Black",28,"C","6-9",250,"November 22, 1991","us","1","University of Kansas","LAL","$845,059",24,39,0,496,57,104,0.548,0,0,NA,57,104,0.548,0.548,19,45,0.422,44,113,157,16,14,18,22,78,133
